customer_id,avg_transaction_amount,transaction_count_30d,refund_rate,signup_channel,account_age_days,support_ticket_count_30d,avg_resolution_time,region
cust_0000,1621.8868319017724,10,0.08176443401398385,organic,926,0,15.062595610359686,east
cust_0001,1084.0063575038018,9,0.04723898622816052,referral,138,1,10.01346394021389,west
cust_0002,1800.180478322583,13,0.016734758561381947,organic,369,6,3.7971076384157865,east
cust_0003,1876.2258865564856,6,0.1265489981987037,partner,1078,1,11.975077633000211,east
cust_0004,719.5859245384654,12,0.017642217099898,organic,356,1,14.106746882460056,north
cust_0005,979.1281972550728,7,0.04805899755351429,referral,123,0,9.948716539404767,north
cust_0006,1551.136161266914,7,0.060400644680768396,organic,1441,1,10.82453877410158,east
cust_0007,1373.502963062567,6,0.05802852527093344,referral,360,1,9.21442383071026,south
cust_0008,1493.2795369982846,10,0.04430768887980804,referral,786,1,13.868605825951573,north
cust_0009,1158.782428970568,7,0.04445718888421076,organic,1242,2,7.4164522349754085,north
cust_0010,1851.7591899451313,10,0.042952044011361344,paid_ad,1485,0,17.78203317877201,south
cust_0011,1811.1167741715794,7,0.01652198424225884,paid_ad,1220,1,14.266634931752098,north
cust_0012,1526.4122790244865,11,0.11450657643268186,paid_ad,529,2,12.515431260125096,east
cust_0013,1950.8964827872132,9,0.04340027246859869,organic,1285,2,11.524479416844457,south
cust_0014,1687.0037369008182,4,0.06790792978469287,referral,48,0,18.719015855098966,south
cust_0015,1156.2830148467046,11,0.03996041426955184,referral,509,0,13.864628000479177,north
cust_0016,1647.5003136329995,9,0.0393570898293355,referral,323,1,9.53972756820437,east
cust_0017,1116.4469596684005,4,0.036336690119910496,organic,806,2,12.567942287011785,north
cust_0018,1851.380120522909,5,0.003504626360322485,referral,1340,1,14.708392751406091,east
cust_0019,1480.029635605499,12,0.045181365796376924,organic,1166,1,8.41384660204129,west
cust_0020,1426.0550545818958,15,0.0377897703704171,organic,1497,1,15.448596236893628,west
cust_0021,1227.6281822384235,6,0.08514573527554331,organic,231,0,11.133641129046618,east
cust_0022,1989.016535469612,7,0.014098996472464544,organic,1135,1,13.364023489985376,west
cust_0023,1438.1882071724792,7,0.032685584673354355,organic,1094,4,12.60163745123296,west
cust_0024,1328.6688711347572,10,0.02304678599737754,organic,701,0,4.898730131965068,east
cust_0025,1359.1465798047082,12,0.09327591182035426,paid_ad,173,5,9.903828172540727,south
cust_0026,1712.9236742213395,13,0.023917746654359865,referral,183,0,14.606790413181512,east
cust_0027,1646.1776257456313,4,0.0668689953417841,organic,1372,2,4.036168376708039,west
cust_0028,1665.0930446383954,8,0.0791048442021794,paid_ad,463,1,6.656897630080231,east
cust_0029,1672.3284012031531,7,0.04561631265753776,partner,966,3,14.059830874051817,south
cust_0030,2356.6590403481846,8,0.008695669971785953,paid_ad,1419,0,10.382246500532998,north
cust_0031,1337.4339934461539,11,0.009075384237089295,paid_ad,755,0,12.122725560758731,north
cust_0032,1295.102908371385,13,0.07579292194388239,partner,338,3,6.185957476445064,south
cust_0033,1174.4909087008489,3,0.012182179436004281,referral,742,0,11.05128456754981,west
cust_0034,1746.3917690301982,1,0.06176079833179737,partner,367,4,12.877791201874055,east
cust_0035,1951.5889170883565,6,0.05343047329461789,partner,296,1,12.138556168794917,north
cust_0036,1454.42101693805,10,0.061313974529330816,organic,1222,2,8.060142376849937,west
cust_0037,1163.9374092149887,5,0.06414754423537664,paid_ad,538,1,17.19404700451198,south
cust_0038,1170.2075137235042,8,0.021989876467462952,paid_ad,1036,0,7.9472307288384245,south
cust_0039,1760.2371151298805,12,0.020734154629557765,paid_ad,1098,2,8.919220366326376,west
cust_0040,1797.301668481377,8,0.07144781402301208,paid_ad,837,1,18.619516754068147,south
cust_0041,1717.2617073220779,6,0.03111966168306811,organic,825,2,6.506175219912117,east
cust_0042,1233.7961170845224,8,0.0,organic,295,3,14.032524830081906,west
cust_0043,1592.8645292266879,6,0.06946265893651594,referral,808,0,11.415959483078689,east
cust_0044,1546.6743236562913,6,0.018912161357936955,referral,1134,5,7.4469888422583,east
cust_0045,1587.4754386916052,7,0.0640140763371576,paid_ad,317,2,14.565651320672607,south
cust_0046,1848.5715111792758,8,0.09178465547950908,paid_ad,371,0,16.998465896592897,west
cust_0047,1589.4382195098729,12,0.05050287371785843,referral,1044,3,15.51793143872149,north
cust_0048,1771.565425228758,6,0.07987297494990593,partner,1473,1,13.969517679126781,south
cust_0049,1527.0316277955567,12,0.054613930416086066,organic,606,2,11.339662179209622,west
cust_0050,1615.6477594759936,6,0.09762287984423443,partner,1247,3,13.957546552335803,south
cust_0051,1752.5152903354162,12,0.01813678673728682,organic,298,3,4.355759864576805,north
cust_0052,917.1376720577334,4,0.04975355058750531,referral,867,1,12.498429921280893,south
cust_0053,1372.1315134570796,5,0.07019484815124402,organic,1417,2,4.367590578071862,south
cust_0054,1311.8509382828818,11,0.04428764728969864,referral,679,2,10.007712726883977,east
cust_0055,1244.4488607026633,11,0.0845665698995801,organic,774,1,16.34403200150647,north
cust_0056,1389.9430995093264,6,0.03703881381467659,organic,257,0,16.221890115461754,south
cust_0057,2097.9765244937585,7,0.11208113454886666,referral,806,1,12.907787834723615,west
cust_0058,1153.6675537227027,6,0.11366592512816735,referral,890,0,15.800269387567038,north
cust_0059,1887.3113418365924,10,0.05846215988681899,organic,1472,0,10.371040733148247,west
cust_0060,826.8520913536781,7,0.0665780354106385,referral,325,1,9.142830762334011,north
cust_0061,1366.04598800569,8,0.08575014306873913,organic,568,1,11.990655503392214,south
cust_0062,1565.1012260420023,6,0.014384078030979002,organic,981,2,17.33417654446076,east
cust_0063,1734.4889325437114,15,0.010639999562666288,organic,1416,3,10.034695564128231,west
cust_0064,1784.490631917142,5,0.08769256741572905,referral,379,2,9.542585079139416,south
cust_0065,1817.33889407997,6,0.05821965418618998,paid_ad,1051,0,14.537270147415407,north
cust_0066,1360.509971100625,7,0.04320484262060632,referral,1322,0,14.230061676957709,west
cust_0067,1315.059282934173,8,0.050333699086434834,paid_ad,960,2,8.728912259565632,west
cust_0068,1843.1903525028615,10,0.0,referral,657,2,11.789064346912918,east
cust_0069,1423.478270047354,8,0.04428313056628996,paid_ad,374,0,8.856927602436517,north
cust_0070,989.7254706648313,9,0.027408597824203296,partner,453,2,13.67171119880937,east
cust_0071,1046.6851143986078,8,0.07754214900845248,organic,106,1,9.571365345467457,south
cust_0072,1132.2190855993554,16,0.07985092335152018,organic,253,1,21.124003665952834,south
cust_0073,1698.8642976215056,8,0.06730040702389732,organic,673,1,15.645455813724064,north
cust_0074,1556.970294428226,9,0.06186375946397425,referral,236,2,10.726567671820606,south
cust_0075,1776.1941416271072,6,0.005079597538391969,referral,44,0,11.271547819541901,west
cust_0076,1329.0989414653864,9,0.06771929239990623,organic,1048,1,16.910627135295222,north
cust_0077,1563.4158764306858,7,0.06888193836570151,paid_ad,134,1,8.435677638577495,west
cust_0078,1750.2361575869347,14,0.0873557796130619,partner,237,4,13.588591774463957,east
cust_0079,1376.2613841119046,7,0.11354629437290592,organic,905,1,8.375654639403514,east
cust_0080,1682.7100950229647,13,0.0,organic,1385,1,17.217329462726468,west
cust_0081,1235.2296235733395,7,0.038345695231453605,organic,1094,0,11.224568393792183,north
cust_0082,1354.7784613739714,8,0.027732000885270662,organic,77,1,15.197168205873405,west
cust_0083,1347.3048424006683,10,0.05517521565155223,paid_ad,276,1,10.42505497089789,south
cust_0084,1021.6641417643841,6,0.05040205574654116,referral,1118,3,16.69183949452283,south
cust_0085,1694.7889923142327,9,0.04297753780759563,organic,1106,0,16.315365826776826,south
cust_0086,1312.2390639189105,9,0.0808281308420352,organic,604,0,11.21198931993173,east
cust_0087,1504.997647491075,8,0.016957573664576495,organic,1426,0,13.895173804925918,south
cust_0088,1692.2986635623636,6,0.01876635597822182,organic,1336,1,16.729710317972227,west
cust_0089,1678.6124704119777,8,0.019273241867058737,organic,1122,1,11.951434881516134,north
cust_0090,1766.1540435891145,14,0.039190172377220396,referral,1129,1,8.131761803463709,east
cust_0091,1460.6058061962306,8,0.013142293522644616,referral,1183,1,11.377991818847459,east
cust_0092,1330.6806751823385,13,0.04854285533602189,paid_ad,248,0,9.953749067528646,east
cust_0093,1468.1127156374405,13,0.045035294161074,organic,1060,1,7.418275203340062,east
cust_0094,825.066226416788,7,0.026404546580027603,paid_ad,1411,4,13.221289460508153,east
cust_0095,921.1550110307651,9,0.07621298762168588,organic,360,1,11.872774430375099,west
cust_0096,970.9201550582391,8,0.0482149841513979,organic,51,2,9.407751495073896,north
cust_0097,1101.1012689594072,12,0.08187942092095411,paid_ad,560,0,15.72166997525954,south
cust_0098,1659.9096906893747,4,0.04414850446386704,referral,426,1,16.564675724368563,east
cust_0099,1137.8083778559758,11,0.04927415335305936,organic,1425,0,15.709740041273303,south
cust_0100,1348.7349783842442,6,0.03311652785954868,organic,685,1,11.468040020838963,west
cust_0101,2019.6913191144263,10,0.049788603783935466,referral,1001,3,17.53525702743491,east
cust_0102,1357.4944115754297,10,0.07136693918396139,partner,1473,0,17.525572298487255,east
cust_0103,1795.0062273868346,6,0.037659973031891066,referral,1189,0,14.8915938078161,north
cust_0104,1126.5529279960492,12,0.06555235887603993,organic,1131,4,14.11504453899588,south
cust_0105,1417.8249768529479,8,0.02561759116862777,organic,1453,3,15.008463911035706,east
cust_0106,1119.9911780357675,1,0.07277151696566629,organic,1042,0,13.376541714204674,south
cust_0107,1364.386769639775,6,0.032602825180642184,organic,370,1,13.764474578200918,west
cust_0108,1836.1232549829583,12,0.07555039619687151,referral,1098,2,16.004684063986925,north
cust_0109,809.0718307230605,12,0.05182929627300995,paid_ad,502,1,11.053373701418206,north
cust_0110,1673.7694574183429,13,0.09562861200173191,organic,516,1,16.36883901083895,south
cust_0111,1595.0942409329111,7,0.015377968212373735,paid_ad,977,1,18.607330013222953,south
cust_0112,1262.3400177212823,4,0.0057146968006439565,referral,493,1,9.987119947234431,west
cust_0113,921.5768582446182,3,0.031513482620732995,paid_ad,65,1,9.266676003256558,west
cust_0114,1528.8518030855478,8,0.00846167155897061,organic,1499,2,11.789765857234913,south
cust_0115,1288.202916374479,10,0.008517953167151678,organic,869,1,8.34797080031981,east
cust_0116,1593.0704845418816,6,0.06864652281379628,organic,1014,4,16.759074610842443,south
cust_0117,1508.7408582093772,10,0.04987463619762025,organic,1218,1,16.297690983708726,east
cust_0118,2140.711556528366,8,0.03560957069887224,organic,962,2,7.5731272655464945,east
cust_0119,1404.2577490107903,8,0.03839112208083704,organic,927,3,13.817222535175382,east
cust_0120,1090.601002951254,10,0.032082870070209824,organic,1194,1,12.202943580043224,west
cust_0121,1571.7102539825264,10,0.09951107503457131,organic,464,1,9.246331162734265,east
cust_0122,1587.998673588706,10,0.0279348287707089,partner,1247,2,6.5252772061013,south
cust_0123,2043.6750300961746,8,0.010335983057501026,paid_ad,1094,3,12.41001076144268,north
cust_0124,1834.0444983658315,8,0.07388151852458984,organic,297,0,13.19512637916178,east
cust_0125,1642.7484236598038,5,0.043527331299565375,partner,244,0,9.497316694543992,west
cust_0126,2085.3211564878247,6,0.11116321066453656,organic,1323,2,11.567977906629686,east
cust_0127,1024.4947782708596,5,0.03421383083617594,organic,1345,5,10.898290840575703,west
cust_0128,1244.0993869001009,6,0.07537952539270376,paid_ad,1490,0,16.26670915384857,south
cust_0129,1129.36962343779,10,0.08246591991797915,organic,178,3,16.12430011270523,north
cust_0130,1344.0760787376928,5,0.03435992503393989,organic,1346,2,11.979665637899688,east
cust_0131,949.3255409774765,7,0.027712376962728928,organic,1299,1,8.677546391988919,north
cust_0132,1754.0603787257617,9,0.07224099592792714,referral,1158,2,14.130561875490299,north
cust_0133,1411.1109211604908,9,0.06724675753741792,referral,761,2,18.141217093700288,east
cust_0134,911.6774821989369,7,0.007681696978672206,organic,777,2,13.502521003837868,south
cust_0135,1093.7683675169833,8,0.016146930910858382,organic,660,3,13.23447003276761,east
cust_0136,1625.405538980078,9,0.0,organic,73,1,14.814349304645184,east
cust_0137,1835.2506271577524,7,0.06786160561936407,referral,765,0,7.884368973648075,south
cust_0138,2298.6923566767146,4,0.04214518420592764,organic,378,3,15.983693507447715,east
cust_0139,2665.544986402932,4,0.045135487370741544,paid_ad,324,2,11.857835490518628,east
cust_0140,1665.7637733103986,4,0.0,referral,112,3,11.979202900232494,east
cust_0141,1104.1847519872542,16,0.017056929407320214,organic,702,1,7.479949352294672,east
cust_0142,647.1814877074763,9,0.03566123262297302,referral,100,0,12.680707187073109,south
cust_0143,1607.0845849375344,5,0.029830231995565375,organic,1279,0,13.149824736008458,east
cust_0144,1174.8235618758697,10,0.05353508226552894,organic,1337,1,5.471263498315205,east
cust_0145,1333.8570959281258,11,0.06750404379895442,organic,1207,2,13.795367776968,north
cust_0146,1255.1612803760768,7,0.11808837707855592,organic,472,2,3.2307637505204045,north
cust_0147,1443.683645433446,7,0.04939948909907224,referral,269,0,12.475926725136697,north
cust_0148,1926.3920923150574,7,0.08346207989290837,partner,771,3,13.096531934927649,north
cust_0149,1562.819426978138,10,0.025100816690606764,organic,1019,3,12.827846888317971,south
cust_0150,1436.5460651845247,7,0.0,organic,60,3,11.160980579431888,west
cust_0151,1085.7384988696754,9,0.039430950598696266,referral,1289,1,14.07883960100644,west
cust_0152,830.1268221182572,6,0.002068348463772758,organic,674,1,17.04728394002236,west
cust_0153,1305.4768363706676,12,0.050440195015073096,organic,1235,2,15.834546823164523,east
cust_0154,1478.4869796726719,9,0.02658637626474005,partner,144,2,15.903934057001958,north
cust_0155,2207.171965431953,11,0.0,paid_ad,655,4,6.620552566577222,south
cust_0156,1552.1098085891542,7,0.10208075437580531,partner,703,0,9.69844798383438,west
cust_0157,1893.095804409223,7,0.0338731486068386,organic,100,1,14.66956732368309,west
cust_0158,1300.2817605843393,1,0.0008714209116740681,organic,1069,0,0.9691381375408685,west
cust_0159,1026.0224934331902,12,0.07694515371521869,organic,1398,2,9.530094973392261,south
cust_0160,1113.9532951070512,8,0.028141569123821448,partner,824,2,12.249149386578264,south
cust_0161,1209.9095741856986,5,0.08270498101071987,organic,611,0,9.417693851276981,east
cust_0162,2351.387892974066,10,0.027998169959658523,organic,964,1,14.551179240749498,north
cust_0163,1171.4453283102455,5,0.033773069292116084,organic,560,2,15.349929077939397,north
cust_0164,1835.395681494538,5,0.060344951284311395,paid_ad,558,1,11.55927571669885,north
cust_0165,1138.8291287651894,9,0.06779658142112331,paid_ad,1146,2,14.280240951974656,east
cust_0166,1872.6292051496976,8,0.07305451212021796,referral,898,2,15.159086305205285,north
cust_0167,1653.9803864423452,6,0.04730776583812013,organic,418,2,3.6937540323755886,east
cust_0168,1437.3448409367638,7,0.06585850164663751,referral,628,0,10.606284623196201,south
cust_0169,1483.6949895458265,5,0.07236885820770261,organic,1257,3,10.051493697317092,west
cust_0170,1238.0849218282438,6,0.05601707415700549,organic,807,2,11.487556301661028,north
cust_0171,1678.4288805928322,10,0.045720256602071116,organic,141,4,10.40619315866897,south
cust_0172,1318.006607863688,9,0.0066411515530661,referral,1289,2,11.440617623350835,north
cust_0173,1009.7576944931008,5,0.06797522470339967,organic,1118,0,16.64981799021244,south
cust_0174,988.8249702721523,14,0.05126521097423453,partner,422,3,15.141686946315069,east
cust_0175,1569.0351670888479,7,0.03759152442947878,organic,1449,1,13.469271351916252,north
cust_0176,2131.636502564174,11,0.0883329909077498,organic,1429,0,14.526507425850314,east
cust_0177,1563.9966454293753,10,0.007164991012600534,referral,1493,1,8.412596619671485,west
cust_0178,1452.544669556047,7,0.09932108946094659,referral,585,2,12.797163621379855,north
cust_0179,1614.330455841017,9,0.04933180164096603,organic,1387,0,8.853075341924008,north
cust_0180,2022.4006966827299,8,0.05952554535508695,referral,1215,1,8.179067740109431,west
cust_0181,1587.7530005455426,8,0.03814867656409188,organic,1310,0,11.370784559856162,east
cust_0182,1335.6291076665052,8,0.0,organic,834,1,12.183556199146768,west
cust_0183,1942.5154840239554,6,0.045811703046026615,referral,439,2,10.729724086193741,east
cust_0184,1671.5025753846453,11,0.06004234720678378,referral,363,2,10.964933606589902,east
cust_0185,2114.302396798397,7,0.07028676339207783,organic,1450,0,13.358992408785376,north
cust_0186,1573.2937748887625,7,0.04405900404683296,organic,768,1,19.932805654167126,east
cust_0187,1010.2123873118,7,0.0,referral,1394,1,9.470187840995543,south
cust_0188,952.736320301734,8,0.0037501596625212396,organic,845,2,14.161572922402675,west
cust_0189,2160.3711728925,7,0.11156058871289883,partner,815,2,16.242118648562965,north
cust_0190,2189.4662883133187,7,0.017223920486836537,referral,137,3,10.231916715595736,north
cust_0191,1428.1923146869597,3,0.09281148374717625,paid_ad,621,0,7.539086698544228,east
cust_0192,1346.7250715456048,9,0.02197739787747214,organic,847,1,12.810989469320834,west
cust_0193,2084.5777168968807,8,0.04452632270816398,paid_ad,190,0,10.702384654051132,west
cust_0194,1057.1817271826048,10,0.06875624778799712,organic,268,1,17.595753449608196,east
cust_0195,1142.1091924176694,13,0.025394166602573792,organic,898,2,11.481983254758187,south
cust_0196,1757.3307178756177,11,0.09776645407277162,organic,394,2,13.025557144887577,south
cust_0197,1342.1579508561642,15,0.05227185074205233,organic,1059,0,15.883335455924513,west
cust_0198,1497.9512533119714,8,0.0638255253889901,partner,706,3,6.386187971907373,north
cust_0199,1434.622840590195,12,0.04197178975942623,referral,623,0,8.056720009016372,north
cust_0200,1635.0298195195735,9,0.06976160861051273,referral,202,1,8.480298685781273,east
cust_0201,2062.9927445254866,9,0.09736378219549588,referral,626,2,11.313144081574874,south
cust_0202,1536.2339627606982,10,0.04606142187130357,referral,827,1,13.764814591826905,south
cust_0203,1757.5755173107432,6,0.1018913837224771,referral,872,1,14.57051683620786,west
cust_0204,679.931159587591,9,0.03165212574862647,paid_ad,427,3,7.503443731357453,south
cust_0205,1480.5126392279528,4,0.0729228811805513,referral,70,1,6.393090418283998,west
cust_0206,1162.7078918828515,8,0.0646734300872915,referral,1404,0,16.173875891784174,north
cust_0207,1012.4747758305488,6,0.017942537819528922,organic,1438,2,16.51126015105946,south
cust_0208,1148.7390532284996,12,0.05641429113911996,partner,1359,2,11.020752090673609,north
cust_0209,1366.3506237196752,10,0.050220978135511185,organic,456,1,12.953562041757381,east
cust_0210,1866.3610169424053,7,0.02440423471169465,organic,915,0,1.313259703686887,west
cust_0211,969.4429129041744,9,0.0607400730258238,paid_ad,237,2,13.334177441251853,west
cust_0212,1512.252597037767,12,0.05438868638325553,organic,1361,2,4.738017073899604,north
cust_0213,1306.3322266665687,5,0.0478223915807835,organic,38,3,4.3234275249005405,west
cust_0214,1368.9307622552158,5,0.047942675928239455,organic,721,2,12.887923318844038,north
cust_0215,1901.1031301218416,10,0.04729969223229142,organic,1289,0,9.54946810326998,east
cust_0216,1715.2461748015705,11,0.038969011362610176,partner,1096,0,13.196154621765245,east
cust_0217,2034.9592429770976,7,0.05419502285044945,paid_ad,1298,3,8.742353311261683,north
cust_0218,1438.19772830004,13,0.03068257362908659,organic,759,0,14.554830298188334,north
cust_0219,1221.6229553317187,7,0.12970428474409998,partner,170,0,16.570466601046054,north
cust_0220,1410.4564732478002,4,0.00772000263604053,referral,41,3,13.202760464155187,east
cust_0221,1596.9987165084885,4,0.032457917682966235,paid_ad,253,2,12.148727719899982,east
cust_0222,1570.6293433814844,5,0.034827736862691784,organic,114,0,15.002223813656803,north
cust_0223,1066.2447711066534,3,0.11121480242973612,organic,688,5,10.731083255739984,east
cust_0224,1536.1959126511497,9,0.010395960500675025,organic,104,2,16.036181112650347,west
cust_0225,1591.291332055562,10,0.0627776689395833,organic,302,2,16.934553432717117,north
cust_0226,2506.9896150135683,7,0.0574518219513962,referral,646,2,13.84721762236601,east
cust_0227,2250.737844512668,5,0.060008069140236445,organic,1111,2,8.634693369646447,south
cust_0228,1158.702659776472,12,0.08709029487832821,referral,1021,2,11.829994619445271,south
cust_0229,1385.0466553803296,5,0.08647488079241265,referral,115,3,16.43640555642115,south
cust_0230,914.6231992651988,10,0.03647129520439648,organic,1357,0,18.61504610619628,south
cust_0231,1263.7171944146055,3,0.05582052348481973,organic,838,1,12.847914870906202,south
cust_0232,1626.2420014361362,9,0.0,referral,542,2,12.170215699343197,north
cust_0233,1982.3414483552933,12,0.052972790255657876,paid_ad,592,3,18.483890922602093,south
cust_0234,1208.3664649025566,4,0.026180317165042433,organic,1277,1,14.882872666309371,east
cust_0235,1238.3414239728813,10,0.04440852722118451,partner,713,3,11.282618795105503,south
cust_0236,641.084388104538,8,0.0,paid_ad,391,3,11.373939976455464,east
cust_0237,1434.9336317820369,7,0.062146168601572266,referral,654,1,0.5,north
cust_0238,1075.0342352561747,9,0.0,organic,130,2,14.374477096463401,north
cust_0239,1288.2242290535705,7,0.05444853820374759,referral,255,3,8.431411981439151,west
cust_0240,1149.2556887329647,5,0.01320483220932352,paid_ad,492,1,9.334609988073293,south
cust_0241,1462.2949782989772,12,0.024510768945923463,organic,353,2,11.414074193952805,east
cust_0242,796.9086434573475,9,0.08464196307635488,partner,543,2,10.287192764063436,east
cust_0243,913.1819018436038,8,0.06763753837740866,partner,125,0,16.51423103319024,north
cust_0244,2351.6988448113193,11,0.0844760941301163,organic,926,2,5.195719647432835,west
cust_0245,985.0309674903876,12,0.0967918139750387,referral,199,1,12.664492531408056,south
cust_0246,1061.2857686181442,5,0.02681483878580706,referral,348,3,17.090704819372778,west
cust_0247,2234.7654113285257,12,0.09496914987322616,paid_ad,1467,1,6.98687978642284,south
cust_0248,2662.0268676961628,6,0.006034830314632959,paid_ad,38,2,12.415445160907526,south
cust_0249,1031.3733484698632,6,0.0723830100363471,organic,441,2,16.354893096102657,east
cust_0250,1352.7004172847878,8,0.03519986856200086,organic,765,1,14.943890039957331,north
cust_0251,1636.6222203762038,9,0.022090995720820513,organic,481,5,13.962732628096077,east
cust_0252,2191.479057762237,2,0.06843409601913328,partner,501,0,3.7334943072158318,west
cust_0253,1105.2571686287051,5,0.0783485457550764,organic,216,4,7.315249218120724,east
cust_0254,1401.8888616231561,9,0.07745805159939634,paid_ad,652,0,16.27696203506316,north
cust_0255,1810.9350304246975,8,0.05644579666684376,organic,1140,1,12.117866433462938,east
cust_0256,1673.9064297866475,5,0.05395871903987717,organic,894,1,17.13567945029101,north
cust_0257,1349.5375715079604,4,0.06580599757099707,partner,1388,1,15.832371327710861,north
cust_0258,1446.4708141935835,4,0.05911292226551573,referral,1058,3,11.661621517051149,south
cust_0259,950.0416766520073,11,0.06624067518757941,organic,1190,3,9.507815223432402,south
cust_0260,1404.7305024101338,3,0.05611998383332143,organic,664,1,7.33027484686471,north
cust_0261,1393.4450039964179,6,0.07528351473519092,organic,930,2,4.154602015732891,north
cust_0262,1592.8679558505023,4,0.0011837658034871692,organic,879,2,11.133310112713067,west
cust_0263,1277.8691124723937,10,0.046061795747408416,organic,1225,1,15.088289994439307,south
cust_0264,1688.6154090180555,4,0.008484605184632421,referral,766,3,15.646228819090886,north
cust_0265,1905.0863271279313,9,0.05830106052814654,organic,624,5,16.089486819418603,south
cust_0266,1562.1717310673864,8,0.09925790527561093,organic,132,2,14.054608114160446,east
cust_0267,1640.7025633596813,5,0.03577745654159095,organic,1293,1,10.767836332041792,east
cust_0268,1521.262139031147,6,0.053817560908916456,organic,670,2,11.909950107508497,south
cust_0269,1500.0337572365656,11,0.07269460144764917,partner,1203,1,19.842317615565833,north
cust_0270,1211.376786582861,4,0.0,organic,1026,3,11.325056362494644,west
cust_0271,1626.5977046693233,9,0.03433668553567437,organic,32,0,13.76270012163847,east
cust_0272,1461.0853606346043,9,0.06093546977818551,referral,987,3,19.175255115837746,west
cust_0273,2337.2673235722377,2,0.0,partner,747,1,14.575346002803306,south
cust_0274,2129.341960990097,7,0.020695745207750863,paid_ad,382,0,9.271425196052366,north
cust_0275,1654.3386210226004,4,0.08302573920143869,paid_ad,418,0,19.14566140696042,south
cust_0276,1194.777116122093,11,0.08008990701352174,partner,967,0,6.551676745220392,south
cust_0277,1055.0354112066327,9,0.06122954682110301,referral,156,0,11.496930050693617,east
cust_0278,1976.457181235546,7,0.07646592919829533,partner,921,2,13.990046412096802,east
cust_0279,1605.0996900588555,4,0.056453127032643914,organic,1273,3,13.53741873475264,north
cust_0280,1692.0573613566444,11,0.06666184722326944,paid_ad,157,0,16.282403077751944,east
cust_0281,802.165605210323,5,0.04053038873478159,paid_ad,41,1,13.714806332700537,south
cust_0282,1870.9753926232722,6,0.05347438048766279,partner,119,4,9.744746607363563,east
cust_0283,1681.768135285745,12,0.031028888407525334,organic,1103,5,10.340729695949575,south
cust_0284,1055.8277262342087,6,0.0879045003254694,paid_ad,1276,0,9.93084914855179,east
cust_0285,1311.3900770200205,10,0.09564678228506605,organic,1482,1,5.5508715056297016,east
cust_0286,1605.486881742608,6,0.0913973840209122,referral,72,0,11.940899128164604,south
cust_0287,1520.9867193424975,10,0.037756737149664134,organic,738,3,17.085381368484956,north
cust_0288,1383.131525678578,8,0.02138677881904738,referral,100,2,12.00661672441356,east
cust_0289,1458.6046927736156,6,0.0883092098225049,referral,575,1,11.744962070554454,west
cust_0290,1399.2090487172459,6,0.06631721607774238,organic,482,3,14.238175819967465,south
cust_0291,1561.0250048409873,7,0.05985753024570928,organic,920,3,18.970101507147564,west
cust_0292,2088.5967891972628,6,0.030991037451645633,organic,1366,0,7.3404859322953335,north
cust_0293,473.33662362748095,14,0.06276991437910295,referral,1212,1,11.236842821238483,west
cust_0294,1405.2598941961262,8,0.017441658210141958,referral,123,2,23.62576213492987,west
cust_0295,1570.6049685489788,10,0.06902187068237096,referral,383,1,16.391082178415168,south
cust_0296,1618.39759587484,17,0.09136660098818632,organic,434,1,9.180292451989612,north
cust_0297,1351.2341674714842,6,0.09893136631723858,paid_ad,398,0,14.303966062951485,east
cust_0298,797.311287008567,3,0.07125572162329448,referral,549,6,11.593004887833864,west
cust_0299,1631.1981934856437,7,0.008539353511366355,organic,922,0,10.805446109290434,north
cust_0300,2190.940085665674,11,0.05591990392838065,organic,1117,2,8.88453300760321,east
cust_0301,886.455438033545,13,0.11419045232173139,organic,1411,1,17.084862754147178,west
cust_0302,1845.5312054792753,9,0.023941652286731476,organic,1063,2,7.598323681044568,north
cust_0303,1368.5899107508424,11,0.04822455281269349,organic,468,2,10.218221645206498,east
cust_0304,1475.470261668461,6,0.09240573055402931,organic,300,3,9.032976260347942,north
cust_0305,1078.8405957184204,10,0.06851401766220756,organic,583,2,2.6761247486540665,north
cust_0306,1366.2175310576492,6,0.12440468973455314,organic,1205,1,12.566370138129376,south
cust_0307,2020.0178378795833,11,0.028013918503142353,organic,1490,1,18.20702370137294,south
cust_0308,1733.0620967950829,10,0.020307326427775347,paid_ad,606,3,12.351920487913855,north
cust_0309,2192.9246421639778,7,0.08672376307505522,referral,289,2,5.015470796553059,west
cust_0310,1970.9647555910774,7,0.014123641151853926,organic,37,1,17.45873086687515,north
cust_0311,1675.6346715718305,4,0.04409696033547392,referral,143,2,10.77732315079245,west
cust_0312,2197.573810467117,8,0.04803060365421271,referral,966,1,9.943345650618248,north
cust_0313,1675.5972634953196,7,0.08107968420157767,organic,896,2,10.745095825669106,east
cust_0314,1831.1952707188236,7,0.06842803904075741,organic,975,1,13.53146204452927,east
cust_0315,1381.3716185861167,7,0.06371194742530588,organic,65,1,9.53359535295872,south
cust_0316,1526.618326343682,6,0.03792707366295,referral,672,2,9.975819036535343,south
cust_0317,1221.0304706798893,4,0.0864501205724583,organic,295,2,10.58006218948525,west
cust_0318,1895.8335738379412,7,0.17077472128181792,organic,524,1,20.655166844382936,north
cust_0319,1028.6785507540537,23,0.07073846296768747,referral,944,2,10.974694912565427,west
cust_0320,1812.9401369670645,9,0.052990166226405094,partner,435,1,6.527791174083645,east
cust_0321,1423.7395769979362,6,0.011064110870235188,organic,999,0,8.535160058738413,west
cust_0322,1968.4988373869278,8,0.0308755565204854,referral,455,0,13.100147968393959,south
cust_0323,1800.3475954925038,5,0.043588692981580884,organic,780,4,14.550230628523083,south
cust_0324,2228.2584630587207,14,0.03396199279198603,referral,704,1,9.276862093875124,east
cust_0325,1792.309876455458,10,0.04951766496419456,referral,594,3,8.45801816322955,east
cust_0326,871.1838977387038,6,0.10334048230421863,referral,215,1,12.789881673430699,west
cust_0327,1473.2187308407197,3,0.08741500752107703,organic,877,0,9.500656370021684,west
cust_0328,1031.1971229620735,4,0.04523501850595237,organic,1485,2,3.7864489571107622,north
cust_0329,1292.6880630534902,8,0.013751601660024189,paid_ad,975,1,8.94085515601203,north
cust_0330,2104.4913733106887,9,0.0901210292870724,organic,1126,2,21.000988206763743,west
cust_0331,1755.0135243590785,10,0.04852837179615907,partner,1211,1,16.851705627455967,south
cust_0332,1220.4278285685016,12,0.0,organic,86,0,15.986672005401992,east
cust_0333,1094.5130534238403,8,0.07137290355479109,organic,1195,0,13.088200465923293,north
cust_0334,1513.1128371505042,7,0.08077060052700397,organic,386,2,9.087529381772955,north
cust_0335,1013.3759402475489,5,0.0,organic,1007,2,5.902234536500976,south
cust_0336,1231.5438890413675,4,0.025263360736012902,paid_ad,1476,0,9.387763285794295,east
cust_0337,1624.8037886204975,11,0.046686379660768586,organic,1344,1,12.36043834093391,west
cust_0338,1962.1248144426784,8,0.07203532733925852,referral,639,3,13.020923878073493,west
cust_0339,1743.504588889776,13,0.03452760246127487,referral,1261,2,9.032303331758081,north
cust_0340,583.48419656076,10,0.02503574294078191,paid_ad,939,1,17.380174474560782,north
cust_0341,1621.7466916121039,8,0.07181507749040847,referral,225,1,13.224349292985558,east
cust_0342,1528.8134292930313,6,0.03595032880057523,partner,382,2,11.639540784432004,east
cust_0343,1665.5561141490773,6,0.06626163951646091,paid_ad,1436,3,7.9507363282999375,north
cust_0344,2146.483872660483,10,0.016654530350762285,organic,1375,1,16.23612507720371,south
cust_0345,674.7046892781029,6,0.00943000942290805,paid_ad,1340,2,11.520345795934865,west
cust_0346,1263.5586299235579,7,0.07265807472711192,partner,594,2,6.864959338303964,north
cust_0347,1736.3625291173419,3,0.05757559730951642,organic,501,2,12.570506065289477,west
cust_0348,867.362240218423,7,0.07767367199708622,referral,1214,2,7.945147974652572,south
cust_0349,2090.3796192214036,8,0.03402220997235675,organic,59,3,13.038847591557285,east
cust_0350,1647.3426450802633,3,0.02614684092560765,referral,1349,2,13.328533639861412,east
cust_0351,1838.6335943373615,8,0.09082156662622733,organic,917,1,9.612686443581634,east
cust_0352,1271.622535391282,5,0.0043112370801659,referral,960,0,16.771543899323273,east
cust_0353,1825.5054759864843,7,0.08754382127541874,organic,674,0,7.365975535297816,north
cust_0354,1927.3886223956154,12,0.08961514122447149,referral,1469,3,16.714885522861973,south
cust_0355,1593.1512080548673,10,0.07580268542798226,organic,1131,1,12.013427942388626,west
cust_0356,1593.7603570794784,12,0.029365774489686563,referral,109,2,12.154821867190467,north
cust_0357,1608.1372957126903,10,0.025504284898239225,organic,801,1,14.135782083463686,east
cust_0358,1154.6618941042473,5,0.04369832681005402,referral,1293,1,6.9899420477300245,east
cust_0359,1440.9885279038588,8,0.011148809695058022,organic,142,4,15.010051804228318,north
cust_0360,1438.9909870190565,6,0.021149180037392103,organic,1113,2,9.635838338597821,north
cust_0361,1653.357545741398,10,0.06934202874527139,organic,389,0,5.829303895346802,west
cust_0362,1899.9296987641178,12,0.06948047342672471,partner,774,1,20.133302403970788,north
cust_0363,1076.5855672086363,15,0.018512755203951316,organic,1327,4,12.091082324101846,north
cust_0364,1449.996387872169,8,0.07028365805900225,referral,753,1,4.9517934865880395,north
cust_0365,2092.5822190635895,5,0.06362909917219418,organic,85,0,11.17409112684506,east
cust_0366,1202.5647084749744,8,0.09529658763731311,referral,60,0,13.645805320589762,west
cust_0367,1171.0999930838718,7,0.06707409325602565,organic,1112,1,15.07359573480935,north
cust_0368,1580.9224767324774,5,0.08175743161203135,organic,1398,1,13.597759010831929,west
cust_0369,1837.754076194128,16,0.06431232772790633,organic,459,0,20.52548297463862,east
cust_0370,1504.5704222242637,4,0.07939787329091565,organic,1405,1,9.438751451409397,north
cust_0371,2031.5842361747957,7,0.011386485302966752,organic,695,4,6.8317075120496344,north
cust_0372,1842.7175930266108,7,0.0463476662866726,organic,116,4,10.377101138765687,south
cust_0373,1836.7280267560247,7,0.048830516953174107,referral,810,1,5.482147829643543,north
cust_0374,1721.6466005296372,5,0.04268750159194153,partner,1461,3,8.750522838115362,north
cust_0375,2431.061240138434,7,0.06331659890950177,organic,397,1,20.608829406763668,south
cust_0376,1417.9353244535823,5,0.06903138963487253,partner,1442,3,6.053564162366332,west
cust_0377,698.5910831733944,11,0.06176771231213445,organic,988,1,14.573861680279684,west
cust_0378,2141.701744606856,7,0.04469168356335987,organic,612,2,6.88720792180236,east
cust_0379,1316.9202276172698,9,0.027928097604646256,organic,1049,0,11.381517448007203,south
cust_0380,1543.1521777372132,10,0.08291558222468702,organic,619,2,9.58317325039254,south
cust_0381,2023.8202739442108,5,0.06049198449841505,organic,155,4,1.9829939734661561,east
cust_0382,859.0961835764299,7,0.01944158424801775,paid_ad,1310,5,9.391054743713994,north
cust_0383,999.3411143575443,6,0.04418937375051129,referral,579,2,14.669739719594997,east
cust_0384,859.4888251524585,7,0.0,referral,861,5,9.224841835094757,west
cust_0385,1182.3454839898304,8,0.05106111843042329,organic,1124,1,17.753158963326786,west
cust_0386,1675.8546424067974,10,0.04404860172204212,organic,151,0,10.252554877514205,north
cust_0387,1709.6751371251084,6,0.03276599148933987,referral,1090,3,12.562572300711807,south
cust_0388,1610.5096717314216,4,0.09753800569410588,organic,566,3,12.357641756524762,south
cust_0389,934.8936464430534,10,0.015315376413736634,organic,830,3,5.4623980161759675,east
cust_0390,575.9586253469424,5,0.07119178855047006,organic,701,1,9.237647928143852,north
cust_0391,1521.741434156153,11,0.11560124482795621,organic,1173,1,7.3289670224040915,west
cust_0392,1311.2895865446658,6,0.08231803711150064,referral,305,2,11.871342543127932,west
cust_0393,1683.7543086866447,5,0.04905383653706699,organic,188,1,21.32440716955653,south
cust_0394,1780.781450488508,9,0.01597794081730018,organic,634,0,13.409834300730717,south
cust_0395,1555.2965728234728,8,0.009138134702466343,partner,203,1,12.391659638579224,south
cust_0396,1804.0532341503415,8,0.037653449151274346,partner,386,0,12.549635215779583,north
cust_0397,1591.6845496460273,5,0.029389977982582756,organic,996,3,15.993404475378073,west
cust_0398,1712.0258822405867,4,0.028413592731256033,organic,1233,2,8.105007622873973,west
cust_0399,1218.130694852047,7,0.04021059633586268,paid_ad,1049,3,13.585231877286535,south
cust_0400,1428.1554344674166,3,0.0469325872134294,organic,497,3,17.00744804000138,east
cust_0401,1578.710438662783,9,0.06455635842935889,organic,1227,3,6.814128456143286,south
cust_0402,1828.2113901669675,8,0.012866113416127128,organic,626,2,18.71101753946634,north
cust_0403,1342.5035311101713,8,0.029532686116008504,organic,296,4,10.838840534388588,south
cust_0404,1708.4669022928451,7,0.04520983751532556,partner,1141,3,12.091841554566882,north
cust_0405,1393.6644832338484,8,0.044135444197301935,paid_ad,789,0,8.567551742691956,west
cust_0406,1452.9831330687477,11,0.10509271122240268,partner,574,4,12.959945721694558,east
cust_0407,1831.8076168096293,9,0.05696739778171573,referral,1001,1,6.79537600635013,west
cust_0408,702.7758515783377,6,0.0015923056412172688,referral,1095,0,12.148140902471539,north
cust_0409,981.4110687700957,8,0.06254544084760294,paid_ad,358,3,10.356843391954852,east
cust_0410,907.1258410228717,6,0.06636991168231937,referral,202,2,16.394629196334304,east
cust_0411,566.5535520606782,13,0.04624615915265786,organic,789,3,0.8262624286794704,east
cust_0412,1228.6942239379293,5,0.013598099767723965,organic,105,3,16.12369113882804,west
cust_0413,1799.7735598910963,7,0.10274164085940389,referral,968,1,10.536363509178681,south
cust_0414,1386.0463734469702,3,0.017903482592562286,organic,676,3,0.500908838852336,north
cust_0415,1579.116032776741,8,0.06982316619247801,organic,345,1,8.650302963881243,north
cust_0416,1935.6869986843171,7,0.05600151587191806,organic,909,0,5.948987262772947,south
cust_0417,2031.0744529070766,7,0.0680243164708931,referral,582,2,5.5538448624227374,north
cust_0418,1472.344826109544,13,0.10120573772501991,organic,600,2,15.071879076067875,north
cust_0419,2041.434355827759,7,0.06684916616423106,organic,348,2,11.475141874437156,north
cust_0420,1536.8506633736438,12,0.033240073188694014,organic,1023,2,12.256461713914176,south
cust_0421,1165.0407104690153,7,0.08317976825383883,organic,1357,1,11.827966277922199,north
cust_0422,1262.239859120506,9,0.031067016498676416,partner,939,2,17.335461677588306,south
cust_0423,907.7853949739934,6,0.05490674034185804,organic,378,1,17.038136897319,east
cust_0424,1144.746458506539,3,0.0112074917595263,organic,1255,1,12.288644336868899,south
cust_0425,1356.7933247702283,6,0.01900156317989743,organic,207,3,8.965434197009095,north
cust_0426,1821.4340077514407,8,0.051541600113085596,paid_ad,455,0,16.118058422606538,east
cust_0427,2188.3079324663936,9,0.061042601257426166,referral,81,1,17.481730073186505,north
cust_0428,947.1273938491839,5,0.0,organic,1277,3,4.244222992853459,east
cust_0429,1657.1309873039677,4,0.06491862104001993,organic,96,1,10.724153659080965,south
cust_0430,1083.7824243369862,11,0.02541713070205108,referral,832,4,12.001155856645722,south
cust_0431,1689.8788353852808,12,0.08839064047013499,partner,311,1,10.909978825174326,north
cust_0432,1447.5653397249093,4,0.039441067135264754,organic,341,2,13.854723612586113,south
cust_0433,767.6376696609879,10,0.01629133191350043,organic,924,1,7.0683278624149875,north
cust_0434,1871.3187966273938,7,0.05227413673877757,organic,1211,1,6.170505602349751,east
cust_0435,1257.9997148765076,9,0.022512949967638245,organic,55,2,9.495959383909776,north
cust_0436,1286.4399046505782,6,0.08806835424299377,referral,263,3,11.77170169312811,east
cust_0437,1072.099035484124,5,0.050015906225992994,partner,451,2,5.83060923323197,south
cust_0438,1238.2866893249777,10,0.04544970130720139,partner,1417,1,13.281248395811064,east
cust_0439,1671.1561762779668,10,0.06775403056793024,paid_ad,115,1,10.160897986836922,east
cust_0440,1424.3022636254377,2,0.01985157682399121,organic,292,2,7.786789341147989,east
cust_0441,1631.4648009129924,10,0.01132539034014458,partner,623,0,10.188637961690082,west
cust_0442,1644.7687415715375,5,0.06225054738324911,organic,508,1,14.40271280275581,east
cust_0443,2028.2646622112668,8,0.017009878759735732,organic,101,4,15.084769987591592,west
cust_0444,1362.8855396542483,9,0.016999695387516306,referral,824,2,11.032366950156051,south
cust_0445,909.2568732617073,6,0.07510268093662663,organic,923,0,14.124924007781075,west
cust_0446,1926.8889666287932,11,0.0657519232995182,paid_ad,290,0,16.26049337831859,south
cust_0447,1367.4047311610982,6,0.012385113726412664,partner,1041,1,15.093168591898952,east
cust_0448,1945.8369778309507,6,0.03142591871175991,paid_ad,113,1,5.135601857620934,south
cust_0449,1653.3508452729882,8,0.022888053321610403,paid_ad,1105,6,8.781304889897694,west
cust_0450,1447.544987918662,5,0.1032895789412174,organic,410,1,18.342302394582838,south
cust_0451,1639.5103576185181,8,0.07718031282711825,organic,359,1,5.735206243021497,east
cust_0452,2280.40502405052,10,0.03737465461984178,paid_ad,318,0,9.483893271992649,north
cust_0453,2330.7922116215013,10,0.06728584068030478,referral,1306,1,13.819478490890068,east
cust_0454,1527.7524540531115,10,0.009314414422075125,partner,768,0,7.433045574788495,north
cust_0455,1564.07623732683,8,0.029820615464315216,organic,1044,0,13.807561042448272,south
cust_0456,1930.4960629865543,11,0.05314589797825659,organic,329,1,11.004241052291457,north
cust_0457,1161.735586893061,10,0.0635669224743774,organic,113,0,15.53689192574331,south
cust_0458,1633.228149047302,7,0.04707622623459668,referral,86,1,12.490071298116154,south
cust_0459,1489.6548608184573,13,0.05744040532142678,paid_ad,677,0,6.328106955405107,south
cust_0460,1625.5632845830214,7,0.05235009379859379,partner,509,0,6.9530525797405245,south
cust_0461,1166.6524776202377,3,0.04509267793933048,organic,1158,2,7.122229467069909,north
cust_0462,864.1730026764125,4,0.04111563223427319,organic,1188,1,9.861041649459862,east
cust_0463,670.8066256034833,10,0.037212053819666475,organic,487,1,16.649915575803526,west
cust_0464,1053.0463548041569,6,0.05695812525885764,organic,667,3,15.063039532851134,south
cust_0465,1316.5298860242667,9,0.06232446767598369,organic,590,3,8.819634925061361,north
cust_0466,1382.7233653404953,8,0.055950775019565024,referral,1022,4,6.817251483622121,north
cust_0467,2274.892464971807,7,0.014642088499968215,organic,955,3,12.324497287870841,east
cust_0468,1942.3973479629192,11,0.020032164465704376,organic,987,1,5.692864736166568,west
cust_0469,1115.163553463349,2,0.06196645417844202,referral,111,2,10.797777674921194,west
cust_0470,1639.0833809803828,8,0.09415019902012634,paid_ad,526,2,8.985180768423646,south
cust_0471,1337.16870545987,8,0.05457246384676266,organic,1451,0,13.427122596880766,south
cust_0472,1386.254464783962,8,0.037649947625690176,organic,532,1,10.3643352636029,north
cust_0473,1574.130259766153,7,0.05673021366328327,referral,286,0,10.118897849190805,north
cust_0474,1747.6684467901573,9,0.015895357324597147,paid_ad,323,3,8.536039354629581,west
cust_0475,1364.2966064463938,7,0.0892682946960939,paid_ad,69,0,7.6009495379553975,south
cust_0476,1925.5406130937433,15,0.05559782433524085,organic,1177,0,11.97221175166119,south
cust_0477,1043.2247095430384,5,0.029916283603683553,referral,37,0,12.438386541373188,south
cust_0478,1502.5356249449073,10,0.04499613601721375,partner,906,0,17.663788540016615,south
cust_0479,2539.069490638333,7,0.03418891303809153,organic,617,1,12.841352317133412,west
cust_0480,1589.23189705011,9,0.08935009930450502,organic,169,1,14.715043429946435,west
cust_0481,2073.285802642469,7,0.04393279731658823,partner,1329,0,10.28161858901087,east
cust_0482,1536.6080712692833,9,0.05466097238346779,organic,1120,0,9.152775427733685,south
cust_0483,1732.3108381319187,3,0.06721179369953875,referral,1235,3,8.106512562067145,east
cust_0484,1477.2867222429234,9,0.02777700188706374,paid_ad,1406,2,16.303283111469874,south
cust_0485,1431.8369675343183,6,0.055811283984054716,organic,1370,0,9.279022994511562,east
cust_0486,1188.2070413098322,3,0.058233067081826295,referral,1059,0,8.093291286414658,north
cust_0487,1672.1205435830213,4,0.003377635369381371,organic,814,0,6.702843403008849,east
cust_0488,1159.385124325693,7,0.0575808946633283,paid_ad,1054,2,10.612196911796358,north
cust_0489,1766.2340945253716,9,0.04862713805170583,partner,689,2,9.35928035881219,east
cust_0490,1934.114801778364,3,0.0538989887634799,paid_ad,296,0,12.392463222755111,east
cust_0491,1646.6125628948919,7,0.051068891404717,organic,597,1,17.598812059286626,north
cust_0492,1385.5005065777232,4,0.05777509618850246,paid_ad,716,1,14.06766507832659,east
cust_0493,1681.5862317234785,4,0.09012029677028474,partner,98,3,8.285039817404662,north
cust_0494,1376.530777781435,2,0.014614777637446721,referral,1275,1,12.255188345399382,south
cust_0495,1874.2188501860596,9,0.0397354299349874,referral,1366,3,12.864119810788424,north
cust_0496,767.4375663139506,7,0.06999855886888509,organic,647,2,14.686520853998193,east
cust_0497,1365.7570527525415,5,0.06442777603183733,paid_ad,759,1,8.268637113646246,east
cust_0498,703.675201950401,10,0.06378216660026252,organic,1266,3,10.886963695786715,south
cust_0499,901.975667909118,13,0.13260731647020013,organic,698,1,10.919511231179754,west
cust_0500,2045.5448919255637,8,0.06842406572350118,partner,1041,1,11.799179515794139,east
cust_0501,1858.0739927886743,12,0.08392813388765075,partner,787,2,14.555185147848587,east
cust_0502,1212.2079066860838,5,0.04078783823442475,partner,428,0,3.8978215853061453,north
cust_0503,898.9986175836412,8,0.02021262878308154,organic,1197,1,11.8950619818701,east
cust_0504,314.1884648633395,6,0.040570477122990986,organic,313,1,15.042761599302564,east
cust_0505,1282.6017968269462,5,0.07135880514030213,organic,359,1,10.901288560142028,west
cust_0506,2468.166004898961,11,0.062204835644875264,organic,1046,3,6.231013858394588,east
cust_0507,1673.953708585459,6,0.06209754111796639,paid_ad,1073,0,12.674435637390125,north
cust_0508,1276.1710855802041,15,0.04356966839608617,referral,1433,0,21.280243018904493,east
cust_0509,1686.0320838001226,10,0.03878592143561074,organic,1074,2,7.756792621524536,north
cust_0510,875.6166588022229,10,0.044604282671201666,organic,66,0,7.731060491181345,south
cust_0511,1381.0706549209458,7,0.07173426350495639,organic,1278,1,2.8716826608524073,west
cust_0512,1539.7909892062953,7,0.07522182284511254,paid_ad,638,1,10.640636887784416,west
cust_0513,1465.5597392715806,7,0.019812750509863173,referral,42,0,14.708184623984035,west
cust_0514,1816.3224486760323,8,0.07287027678294349,organic,881,1,8.784272225745434,south
cust_0515,1637.858090494421,6,0.030478363077313112,organic,280,0,14.374083050699346,east
cust_0516,1767.3304072431988,13,0.0640676495552316,organic,641,1,12.438391322588148,east
cust_0517,1224.6510871076962,11,0.044241027726125357,organic,722,0,17.04164722218131,north
cust_0518,1859.1261633642193,5,0.09697365647716953,partner,139,2,13.247418767837136,west
cust_0519,2151.5747790495966,5,0.037457761130565634,referral,1280,3,21.472015436445744,west
cust_0520,1111.9401921394349,6,0.0553583552268435,organic,780,1,7.498885657308879,north
cust_0521,1144.921737714176,6,0.06819779472678283,paid_ad,1448,2,11.330627573980784,west
cust_0522,2034.3137345280932,5,0.02378123449631354,organic,713,3,13.213751637084517,south
cust_0523,1423.462405321976,10,0.047814288337191646,organic,904,3,13.594595964351422,east
cust_0524,2061.5285568266227,6,0.042002453461305884,referral,1224,5,16.024700785420837,east
cust_0525,1322.9857152431264,6,0.03458559549782081,organic,341,1,7.760302166099257,north
cust_0526,2082.0182305082844,7,0.03680830995550281,organic,1366,1,6.116650498037396,north
cust_0527,1552.5943267221808,6,0.08336043794410383,paid_ad,301,2,8.965683554418119,east
cust_0528,1603.291529329078,11,0.03204347795719001,partner,1494,0,15.67471825966772,west
cust_0529,2125.8872086679617,5,0.06699223648014818,organic,969,0,12.53690765399751,west
cust_0530,1355.2918090223316,11,0.05943785006093433,referral,792,1,10.279307366734816,south
cust_0531,1123.5511616300166,9,0.008090596526744731,organic,338,1,10.657935402958772,west
cust_0532,1320.5743167886583,6,0.06557508315279324,referral,866,1,16.265114690218738,south
cust_0533,1680.9335802572555,6,0.007594603707269174,organic,843,2,17.79789953923732,east
cust_0534,873.6963711277942,15,0.0688427548449548,referral,1476,2,17.878757412447307,south
cust_0535,1754.9883610604486,7,0.03478425070607456,organic,1257,4,14.576775394603994,east
cust_0536,1284.4914729529028,7,0.05025101759769357,partner,739,1,16.937130204351625,east
cust_0537,1959.1250642934253,7,0.011171601511209838,paid_ad,603,0,9.904095066765784,east
cust_0538,542.2958780398113,8,0.05367146970814448,organic,599,1,5.899096778619033,south
cust_0539,1185.3736899583325,7,0.0778085125391186,paid_ad,586,1,6.1929603508351105,east
cust_0540,825.4127395063592,5,0.02579103715932138,organic,49,1,10.786800262693632,east
cust_0541,1169.5082134544189,9,0.03178498741567967,referral,83,1,14.262141377993837,south
cust_0542,1599.0663604435772,9,0.06363863070702469,organic,1134,3,13.019510700974562,east
cust_0543,1428.309349820098,4,0.06438854970940817,organic,403,2,5.107020662920615,north
cust_0544,1398.648972420794,12,0.0,referral,634,1,10.331638628793023,west
cust_0545,1436.3260514479757,8,0.1104621909134832,organic,1056,0,18.459014713442922,north
cust_0546,1581.3552962479773,6,0.06585660450644994,referral,923,1,8.614756067350152,west
cust_0547,1096.585583222757,8,0.07090755987358885,referral,559,2,7.4010572540414685,west
cust_0548,1782.7398563596203,7,0.045693786600139494,organic,1136,0,15.167904706184146,west
cust_0549,1765.0663881541936,9,0.0,organic,262,3,4.700745618211083,north
cust_0550,1654.0151750624404,9,0.0702416618375072,referral,724,2,12.063253923686009,north
cust_0551,1722.6133771005052,15,0.03304435915307342,referral,185,3,12.482351373661567,north
cust_0552,1618.5672003234638,8,0.0663179508255002,organic,811,1,12.2189619550367,south
cust_0553,2314.029321092427,5,0.04343596789211814,organic,169,1,16.679460430939272,west
cust_0554,1465.1623315789961,13,0.05714118137349133,referral,1414,0,11.845068254977134,west
cust_0555,1377.1667126661694,9,0.026750108557722665,referral,998,2,19.222456958710982,east
cust_0556,1198.5889678570488,13,0.07593166828036794,paid_ad,390,1,15.517030543873966,west
cust_0557,1087.0949317688653,11,0.014348628816269847,organic,930,0,17.925345953542838,north
cust_0558,1002.2112849595699,7,0.1173670827601757,referral,544,2,6.857000362858323,west
cust_0559,1144.4810747076326,8,0.11713845904961036,referral,792,1,17.455475979128302,south
cust_0560,1471.7278473391714,10,0.09898098756399532,organic,275,1,14.241595527570919,east
cust_0561,1633.7180513990859,8,0.0882643695732353,organic,765,1,16.55712371740269,west
cust_0562,1520.4568234208648,6,0.047463549252990775,organic,186,2,8.627822164113788,east
cust_0563,1193.7858890281148,8,0.08499640117241625,paid_ad,255,4,9.095004536936644,south
cust_0564,1860.0738256079853,8,0.04711470505171617,organic,888,3,9.266215544552297,east
cust_0565,1795.765068920379,6,0.003394473732640797,referral,765,0,15.230157426476474,south
cust_0566,1436.1406770311933,6,0.09509604242092064,referral,461,2,9.771814276510991,east
cust_0567,1238.833542134115,7,0.08386473388767517,organic,118,1,11.308401348474174,south
cust_0568,1719.3711683319198,6,0.04905982677033694,paid_ad,652,0,5.728670428944524,south
cust_0569,1575.1894349944419,9,0.013244472280065497,referral,1391,0,9.21357025239475,north
cust_0570,920.7490962339809,9,0.03241397970263079,organic,1070,0,12.57192985368512,south
cust_0571,1472.807897606238,9,0.0,paid_ad,115,5,10.498506476252777,east
cust_0572,1604.8143248297524,9,0.07835242557853932,referral,1408,3,14.016244911812265,west
cust_0573,1140.1220854048984,4,0.0019007309940745976,organic,652,1,12.074365369468152,north
cust_0574,1575.9373571349772,7,0.058604926104400296,referral,876,0,18.742895318047715,north
cust_0575,918.0710058968843,5,0.02468919956660936,referral,30,2,9.50157506951773,east
cust_0576,2034.4744400048683,9,0.007198896650015705,organic,485,0,6.1188697043999385,east
cust_0577,1999.1799940237727,7,0.057150652798357154,partner,1185,1,13.301465087775966,north
cust_0578,1398.993066278814,8,0.03998601844063906,referral,516,0,12.879607690713009,south
cust_0579,1645.3817351356292,13,0.07514567316276104,referral,274,3,9.59149100434671,north
cust_0580,536.03121368005,10,0.011971841938138796,organic,163,1,14.301797542774267,north
cust_0581,1037.460935893867,9,0.027280560635785336,organic,1389,2,17.61737430928042,north
cust_0582,1382.488431939148,8,0.0,organic,1224,1,8.387376145927384,east
cust_0583,1071.1467914292564,6,0.0,referral,94,0,13.888886791910206,west
cust_0584,1785.7585930522634,6,0.10394577229935538,referral,1390,1,13.411645501944044,south
cust_0585,2298.918612299198,7,0.11250794732299008,paid_ad,1236,1,14.30007981209405,north
cust_0586,1029.3541122282793,2,0.05278178615671859,organic,559,4,16.447994823532923,west
cust_0587,1165.014638365923,10,0.025285137022804653,referral,995,0,18.3268469721893,south
cust_0588,1594.179347323972,4,0.04104653223529679,paid_ad,409,1,20.73208462717173,north
cust_0589,2144.446459399848,7,0.07620722607459092,paid_ad,397,0,13.196919373904544,north
cust_0590,1011.0502749840388,3,0.03456832940533862,paid_ad,1080,0,4.18875211520797,south
cust_0591,1599.6144489227768,6,0.05712901601125068,paid_ad,327,1,13.054091459454485,east
cust_0592,2228.5195403252433,8,0.049617318485562514,organic,552,1,9.789177020121507,south
cust_0593,839.2963407282931,9,0.032935619897514264,referral,555,1,8.649554711247632,south
cust_0594,987.5723172616672,8,0.03421421762024387,partner,250,3,14.665855063201153,south
cust_0595,1330.5573574156647,4,0.05879962615056525,referral,1247,3,23.982610010814376,west
cust_0596,1291.7646348578355,3,0.02069335590837676,organic,1020,0,19.44296179645865,east
cust_0597,1825.040515101458,6,0.06355188036870549,partner,1297,0,9.191441909703272,east
cust_0598,1596.6638879283353,6,0.035852631210524545,organic,800,0,20.895415482274558,south
cust_0599,790.0151761431487,12,0.05382101913944691,organic,287,0,15.726862022148435,east
cust_0600,1706.1641611603243,2,0.09151887698505677,organic,440,0,15.434174553299234,west
cust_0601,1268.9844450577398,14,0.04495423864319143,organic,549,5,9.150534394586193,east
cust_0602,2009.7788867764957,7,0.07759413020575977,organic,1414,1,17.43895817911885,west
cust_0603,1248.964985425232,10,0.0,organic,379,3,11.479352316780876,north
cust_0604,1245.3538867591058,7,0.03588910959078216,partner,1048,1,8.312304973937554,west
cust_0605,1716.4526443218126,7,0.050830658632282186,organic,210,0,14.518984878779788,west
cust_0606,1805.1705929347747,6,0.10769992037619378,referral,1435,0,6.5310722372261685,east
cust_0607,1679.2397455744815,7,0.0,paid_ad,980,0,10.342442096359173,west
cust_0608,825.7610730460767,9,0.047113704143216695,paid_ad,663,2,12.99537880583552,east
cust_0609,1715.2137759713005,8,0.09370066552748789,organic,538,2,10.3156734198751,south
cust_0610,1086.2767793302405,9,0.026449387841993844,organic,551,2,5.930689650726711,east
cust_0611,1594.1104446353054,8,0.043614835687229896,referral,361,2,13.846092131249593,east
cust_0612,930.5062258403759,6,0.059952169551666185,paid_ad,911,1,13.868817992002649,north
cust_0613,1678.5288590172254,4,0.05553525661168341,referral,1303,2,12.239790652764189,north
cust_0614,1177.360438277051,5,0.09697311426363242,organic,384,2,8.44619903327432,south
cust_0615,986.9461398957914,11,0.06345421430219696,referral,1130,1,14.787760670449384,east
cust_0616,1785.5280545929597,11,0.08983318686542657,referral,862,2,7.366080507478795,north
cust_0617,1596.6578086707004,9,0.03919974928070266,referral,1167,2,7.208093904447569,west
cust_0618,1254.4092794428411,9,0.027784237662491107,paid_ad,1161,1,15.23998533175758,north
cust_0619,2080.4715396084257,11,0.04322830420941094,paid_ad,87,2,8.636917508657552,west
cust_0620,1323.739031372103,12,0.015226907198971955,referral,61,3,13.49090334804266,east
cust_0621,1512.843069588374,13,0.06450535088630285,referral,1375,0,14.921824582304131,south
cust_0622,1607.5653790714405,8,0.038423656617342636,referral,258,0,7.5555968814638135,south
cust_0623,1252.1336263485546,12,0.029846333000675743,referral,874,1,16.697115282572483,east
cust_0624,1688.4545173599718,7,0.06495975228863006,organic,1137,1,10.52473679303937,north
cust_0625,1286.6190611341103,8,0.015688526660771345,referral,770,0,11.774250716624126,east
cust_0626,1335.3446711135164,2,0.07311506641567384,referral,39,3,14.211854440452203,east
cust_0627,2045.0570559213365,6,0.03564987834525918,organic,45,2,12.012838502094999,north
cust_0628,1083.7655789950268,10,0.08477289332282552,organic,1014,2,6.181958033562793,west
cust_0629,534.8878676282039,3,0.03821787265311299,referral,1349,1,13.764973888597213,east
cust_0630,2144.374798004758,7,0.06895728999673773,referral,534,0,10.113680516850353,north
cust_0631,2519.7311810428014,10,0.05538687121318718,organic,829,2,14.35176607418015,east
cust_0632,1337.8922938202672,11,0.07231705621143461,organic,1402,2,20.485044459551318,south
cust_0633,725.2647837519258,12,0.05329840676442882,organic,1242,4,12.63268944717507,west
cust_0634,1375.8064095216225,7,9.807762970269104e-05,partner,824,1,12.530241748112793,south
cust_0635,1385.5108200637324,9,0.08026380617726396,paid_ad,993,0,16.050729589196436,west
cust_0636,1424.0304635910973,6,0.04736951232626278,referral,1443,1,12.937592061345665,west
cust_0637,1054.6447832312606,9,0.0736854823206444,organic,1201,2,0.5,north
cust_0638,1731.824456990591,6,0.0707073943060657,referral,641,4,15.42191695177001,south
cust_0639,1709.8029501144345,9,0.026801105569659752,referral,1048,0,8.109190962575768,north
cust_0640,902.2377520722774,5,0.022556137844741097,partner,513,1,13.59045757972478,south
cust_0641,1779.678692677955,6,0.06966065304347012,organic,1383,2,11.371415705557206,north
cust_0642,2321.0739927783566,10,0.04090252911768459,organic,167,2,13.044862106824342,east
cust_0643,1568.784132974824,7,0.07809287838399491,referral,361,3,11.433986365574517,north
cust_0644,1365.0699351725975,7,0.04465397171410931,organic,538,0,18.792065492822317,east
cust_0645,1443.1987142369915,18,0.08070229332344865,referral,327,0,17.061671570927917,south
cust_0646,1746.1027067874245,4,0.06269913452627306,paid_ad,904,1,18.398231300433494,west
cust_0647,807.7313577971128,11,0.05863924981142446,organic,1077,3,12.796133201136216,west
cust_0648,1565.7562811909208,3,0.03877966403779177,organic,1338,1,12.526365410529255,east
cust_0649,1343.814420214876,5,0.0569728284218455,referral,767,1,16.539625707741965,south
cust_0650,2239.1300051824182,4,0.08578558144858128,paid_ad,943,1,4.725293437067508,east
cust_0651,1430.330906478017,8,0.048373536240100413,organic,910,2,14.700118213809459,east
cust_0652,2167.155044447808,6,0.06593523331051566,organic,35,0,13.34418310075284,north
cust_0653,1058.503720887197,8,0.05139080228749118,referral,1071,2,11.307504028082802,south
cust_0654,1734.903666721117,5,0.05373812128236266,organic,64,0,16.529338602536242,west
cust_0655,1627.7601055164914,2,0.10170232270814895,paid_ad,834,0,17.685196689403853,south
cust_0656,1152.381100854087,14,0.08605190093118653,referral,1499,1,4.765626447093447,north
cust_0657,1570.958445854776,10,0.052382114455871556,organic,1187,2,16.69509425403004,west
cust_0658,1985.0075347326401,8,0.05643362263808103,paid_ad,774,1,16.513388466371204,west
cust_0659,1370.4833182853597,10,0.028943884893470936,referral,498,1,10.18637010169809,east
cust_0660,823.2149403320947,7,0.04481085361205141,organic,1260,2,20.26440387550696,east
cust_0661,1492.9748694090217,7,0.059281933626458456,referral,1292,2,12.34366574861557,south
cust_0662,1139.030762082995,12,0.07551840768707384,partner,570,0,14.896865394472224,south
cust_0663,1363.063624534447,4,0.07247662690732758,referral,188,2,13.698128310005979,west
cust_0664,1467.3648921259517,8,0.016722228322864692,organic,885,2,14.360431459213846,west
cust_0665,817.7391135937931,6,0.07930948192035894,referral,961,0,16.28804836881564,south
cust_0666,853.7366642717288,6,0.047336789618673415,organic,1403,2,7.24645308650654,south
cust_0667,1692.8267342102101,9,0.020390259329673865,referral,1338,4,16.39566663745599,north
cust_0668,1290.9125215321278,14,0.09009154212295764,referral,366,2,10.710612229435725,north
cust_0669,474.10226327177315,7,0.0938983699021386,organic,401,0,15.967964233246871,south
cust_0670,1813.937614643254,13,0.05791240947021981,organic,1495,1,12.85619471286805,east
cust_0671,1608.9479021096959,12,0.07126380805715705,partner,510,2,11.776456704854423,east
cust_0672,1214.4500703854064,6,0.07302347626233296,organic,703,2,9.488056084190701,west
cust_0673,973.2679155767034,8,0.09187316458436753,paid_ad,478,0,10.477249582724994,south
cust_0674,1834.323158525735,9,0.07184205576295176,referral,608,1,8.702441705473966,north
cust_0675,1639.7402490241718,11,0.010169351676842941,referral,859,1,8.996361228949706,west
cust_0676,2453.0409130736293,9,0.11029423246913383,organic,459,3,14.170486446380012,west
cust_0677,1668.075439489975,5,0.08196970668440129,organic,636,2,12.389870643476934,east
cust_0678,1655.0812565048059,8,0.034714273841817064,organic,548,3,14.520864829914268,north
cust_0679,1433.228827956574,5,0.019111247829277714,referral,188,2,8.15387965381423,south
cust_0680,1826.7103468803164,10,0.06514440291212252,partner,1186,1,20.46525148035393,east
cust_0681,1750.0340804992616,4,0.04165219884897262,paid_ad,1340,0,9.240097812451905,west
cust_0682,2000.690003426078,7,0.05989986061996878,organic,753,2,14.149849444925007,east
cust_0683,1291.470832545086,17,0.0723022052383479,organic,330,1,11.523957388406807,south
cust_0684,1325.837010822415,8,0.03300674336009614,organic,975,5,14.005229131322071,south
cust_0685,1308.358731635208,11,0.01651676021946988,partner,815,1,5.265795521762225,south
cust_0686,1816.3206884715958,13,0.06157455403615935,organic,840,1,13.004305268341634,north
cust_0687,2099.3497761186927,7,0.0339983643416908,organic,904,1,11.357868660487501,north
cust_0688,1316.4638027402798,10,0.05438287357197195,referral,1085,1,7.808363034992416,west
cust_0689,1330.0905088827635,11,0.009700206891132065,referral,89,4,8.96532283309817,south
cust_0690,1625.6308895479197,1,0.042434518265760876,organic,176,2,10.341379211752198,west
cust_0691,1401.6953999948394,15,0.0714485567311999,referral,170,1,14.050471880680654,south
cust_0692,1880.821461255956,2,0.06817797522940391,organic,257,1,11.685008790001437,west
cust_0693,599.2890837523813,3,0.026349260873801943,organic,1458,0,18.95614247382385,north
cust_0694,1169.317981233242,5,0.014952068920458455,organic,1103,2,12.755456630642481,north
cust_0695,1187.0334664154216,11,0.05047291069255377,organic,1006,0,6.864044952325919,east
cust_0696,571.8575950455421,5,0.06683098391058227,partner,1057,0,12.272549411921757,west
cust_0697,1114.5446222524783,10,0.062155254205776535,referral,79,3,8.661547439347654,north
cust_0698,1133.9375536616296,7,0.03463520466916071,paid_ad,343,3,21.874205736169166,east
cust_0699,1419.5581381924678,5,0.058934733274598104,organic,1197,2,15.208716865536761,north
cust_0700,1945.1863566641055,9,0.09507066413827985,referral,710,0,7.15053299999248,east
cust_0701,1401.975739523719,11,0.05615434061927083,partner,777,0,18.42253454148797,east
cust_0702,1087.6745118915385,11,0.0010055619254414028,organic,1132,2,12.099083966235337,east
cust_0703,1477.2181835145884,4,0.05609601014301927,partner,140,0,11.900343939582477,south
cust_0704,1919.6694485765397,4,0.11131870913637827,referral,1204,3,13.953721279609498,south
cust_0705,1109.616473554038,12,0.011378275606532137,referral,1030,4,15.609845662037582,east
cust_0706,1135.7700464314205,7,0.050891739854870666,organic,623,2,10.094321173224879,south
cust_0707,1723.4195837096893,9,0.04320993700903597,referral,764,2,16.368460364812783,east
cust_0708,1411.3855537076797,9,0.05287648877825192,referral,139,2,14.630094637458107,north
cust_0709,1758.9938762837896,14,0.055827564594613154,partner,331,2,12.920517536750097,south
cust_0710,1494.5412832818813,7,0.08419915958188774,partner,392,0,9.540994259388116,north
cust_0711,1780.6654592358268,5,0.05254349859202432,organic,1320,3,12.865012178630096,north
cust_0712,1085.9687543837435,8,0.08831778671636141,partner,195,2,7.681575833908971,south
cust_0713,1495.166139684693,7,0.04647033023640553,paid_ad,458,2,10.909308374058744,south
cust_0714,1415.7239942547374,9,0.03949589678076101,referral,223,0,10.959639198315672,north
cust_0715,1013.6436303583478,7,0.02992451050884183,organic,448,0,17.779703771378095,north
cust_0716,874.6088208525247,9,0.0,organic,45,1,8.65119592601196,west
cust_0717,1774.2996141098647,5,0.0582734423577752,organic,430,2,15.889223683652965,east
cust_0718,1359.6190471128089,6,0.11162000865415528,organic,1093,0,13.287479529159206,east
cust_0719,1091.0878873410682,13,0.06374706431857584,partner,1158,1,12.31811142501646,east
cust_0720,1461.5284252306672,11,0.07060242062485039,organic,587,1,13.223618703562453,north
cust_0721,1951.207542939721,5,0.03760906024956635,referral,1067,1,19.477235930551586,east
cust_0722,587.7048618512308,7,0.04266999826178988,referral,939,0,15.91851043451203,west
cust_0723,901.3445240386694,9,0.07953924464999787,referral,1357,1,17.902195047277374,south
cust_0724,1130.845423241893,9,0.1102608092086946,organic,1212,1,15.747652917091779,west
cust_0725,2084.4715466881316,12,0.0946384380739046,referral,367,2,13.192457325688727,west
cust_0726,1613.0347931677186,7,0.07415733889184066,referral,895,1,11.139450725209727,east
cust_0727,1806.9268961844907,6,0.05105451738171527,referral,1185,1,13.222458871934824,north
cust_0728,1043.9356323495078,10,0.05629156742801971,organic,479,1,13.566707086477152,east
cust_0729,1052.1856498917896,10,0.027394780417152372,referral,872,3,7.640435697957519,west
cust_0730,1679.1254866890843,6,0.0065549743609202935,organic,618,3,5.530571600004933,east
cust_0731,1523.3097323741786,8,0.016196049267201775,referral,483,0,11.423928174916906,west
cust_0732,1719.4955275456507,10,0.05149400103565813,organic,323,1,9.684161034080347,east
cust_0733,1424.931603628619,9,0.041240232157199685,organic,82,2,12.187277014892086,south
cust_0734,1611.2574905818508,6,0.005916748858409466,paid_ad,1132,3,7.968517100208882,west
cust_0735,1563.2476339620437,3,0.04888029862850792,organic,1233,0,8.738249155608587,north
cust_0736,1811.10695563397,11,0.040447090266021654,partner,988,5,18.21632184391046,south
cust_0737,1822.8033127777883,7,0.014814534341477593,paid_ad,384,2,4.883133200095172,north
cust_0738,852.0512022432921,7,0.03889462968139789,organic,57,0,16.49829007724874,east
cust_0739,601.0925778636578,7,0.04037140997850968,organic,958,2,14.200497226990352,west
cust_0740,1900.6981590606028,6,0.031500885802266,organic,323,3,11.906035821343519,west
cust_0741,1975.0900373047746,8,0.07780010494327819,partner,836,1,14.99533602694193,north
cust_0742,1091.750792194665,7,0.0,referral,1456,1,4.361409401473165,east
cust_0743,756.0658373817486,10,0.0,organic,36,0,13.857084073177045,west
cust_0744,1539.6139284028804,4,0.05009857353347276,referral,878,0,8.589092643137384,west
cust_0745,1872.3352905402116,9,0.05288381568176918,organic,1491,2,10.8823055424662,east
cust_0746,2219.037808973726,9,0.0621264540805692,referral,521,4,7.208022805752417,north
cust_0747,1706.5190288405804,5,0.03383079475162718,referral,1227,4,10.367231876566557,south
cust_0748,1351.313321365722,8,0.022462285847230052,organic,1247,2,13.713153534379412,west
cust_0749,1142.747751366055,12,0.04978051601915158,paid_ad,745,0,12.468211033255868,east
cust_0750,1504.5805166682617,4,0.03675265593956012,organic,481,0,12.87375269996752,south
cust_0751,1380.2941184458975,7,0.09653214213967083,referral,1030,0,7.353387103521287,north
cust_0752,1093.9728377084737,4,0.04027318250224425,referral,940,1,3.2281194110127114,east
cust_0753,2319.502260345315,11,0.04840444544848767,partner,730,1,7.58243238414634,south
cust_0754,2214.0673608288525,3,0.12426254418793828,organic,313,1,8.11408428107345,south
cust_0755,1954.4194734221714,12,0.0441571931980794,partner,1124,2,9.905807704601898,west
cust_0756,1131.6598408763489,9,0.06668470595597273,organic,340,5,19.103079242367066,north
cust_0757,1842.0077297189116,4,0.0693892830015906,paid_ad,227,2,8.08177814278836,north
cust_0758,1755.8505637991607,4,0.07194204931154644,organic,128,0,8.031431442749597,west
cust_0759,1677.0182496816212,13,0.05868461796233757,referral,686,0,10.482328576497352,west
cust_0760,1999.8661068175109,15,0.05581522383231529,organic,206,2,12.770918567653482,south
cust_0761,1754.148457144511,10,0.05301002869511349,partner,523,1,10.397155409461604,west
cust_0762,1796.005694521734,7,0.032720182932986806,partner,385,1,16.7892569664981,north
cust_0763,1754.762513348884,3,0.05976556408517805,organic,705,0,18.359597408393885,north
cust_0764,1636.3165632008424,9,0.11085937512273776,referral,1173,3,16.2907125884198,south
cust_0765,786.5555481143266,7,0.08632045726890672,referral,692,2,12.751384228284337,east
cust_0766,1533.4484309642228,10,0.059117540666739105,organic,848,1,8.078773594025773,north
cust_0767,1277.5232164603499,11,0.07567489394317971,referral,240,1,15.890641148863853,north
cust_0768,988.0636169439919,12,0.023924722738080436,referral,196,1,6.7260385922389325,west
cust_0769,2172.7266477203298,4,0.04218463537400844,referral,1465,2,7.4341161569760805,east
cust_0770,2191.5981363542815,8,0.07843549532552166,organic,941,0,14.080503318136564,east
cust_0771,2043.6882401182447,9,0.09461501580374575,partner,52,1,10.038476643351594,west
cust_0772,1602.0853667423498,7,0.026874014837138662,organic,860,2,8.772572717052938,north
cust_0773,2040.2500483810627,5,0.03549235071730529,referral,44,1,14.04875501784051,west
cust_0774,1504.8212722407302,9,0.11544127381635609,organic,143,1,8.665391368003643,south
cust_0775,1581.1189107591117,10,0.052887837493069176,organic,578,3,9.46046587337929,west
cust_0776,1062.611451815207,8,0.10470085918101137,organic,994,4,8.084578434662564,west
cust_0777,1658.796521799536,7,0.05620571951827378,organic,941,5,6.038950006353797,north
cust_0778,1524.1543713697667,6,0.05738540846976306,referral,1192,4,10.853573930974381,north
cust_0779,978.9391532662142,10,0.04083527337020308,referral,294,1,11.805232705151608,east
cust_0780,1479.5211552733613,12,0.07827665424530686,referral,311,4,9.331761110898341,east
cust_0781,1468.1081744572766,9,0.09073332650912,referral,813,0,10.05031369740964,north
cust_0782,2219.024466657856,6,0.018949933095773995,organic,1306,5,18.320817234808953,south
cust_0783,1857.6853314053637,11,0.0394264834333869,organic,1092,2,14.264528010419413,west
cust_0784,1504.5781756365864,9,0.07745235573122662,referral,1013,1,7.25376934052726,west
cust_0785,1599.5149239204331,8,0.04611354086647017,referral,168,0,10.207880359065097,north
cust_0786,1517.6849512416793,9,0.035198435944003695,referral,1320,1,9.588647917194383,east
cust_0787,1418.8344060817808,7,0.08028626461608206,organic,1477,2,9.10042769447957,north
cust_0788,1067.0291210446853,5,0.08310359614137533,paid_ad,885,2,15.605623845841706,south
cust_0789,1439.5792489572284,3,0.03651073727983584,organic,524,4,12.065595008333597,north
cust_0790,1201.5606973389947,8,0.05637099583963837,referral,1003,1,11.056841502430315,east
cust_0791,999.8737844307415,5,0.013745756122873013,organic,974,1,12.234465528813653,north
cust_0792,1704.4887258190138,9,0.023135572685639032,referral,1395,1,14.017466880239176,north
cust_0793,1656.505863973294,13,0.053724956964001404,organic,192,1,4.248879403662525,north
cust_0794,785.3169954527689,13,0.05094220362739531,referral,787,1,11.526535495597605,north
cust_0795,1450.9261450019492,3,0.020993717248080968,organic,1072,1,12.459856450412556,north
cust_0796,1898.2805543599693,6,0.028520782258232742,referral,543,1,15.10972462942961,east
cust_0797,1923.6894955585283,8,0.018048668901333224,organic,1265,2,15.52309759777604,west
cust_0798,1910.3347371540954,11,0.06365179570739632,referral,125,1,13.809564067258506,south
cust_0799,1515.5652827605838,6,0.0,organic,184,1,13.419494701016093,west
