customer_id,payment_amount,tx_frequency_1h,device_trust_score,failed_login_attempts,ip_risk_score,is_vpn
cust_0000,169.86856612044932,2,0.7535199839142024,0,0.10043548091798393,no
cust_0001,144.4694279531526,2,0.8798794615521378,0,0.1960299121355908,no
cust_0002,175.9075415240277,0,0.8181836708874466,0,0.11192851227872079,no
cust_0003,210.921194256321,3,0.9955959080439736,0,0.13127338703063582,no
cust_0004,140.63386501106658,2,0.9262078715719125,0,0.13390078167703742,no
cust_0005,140.6345217220328,3,0.8878954509385781,0,0.15544018548527042,no
cust_0006,213.16851262029564,1,0.8918463203201915,0,0.20006832281454312,no
cust_0007,180.69738916611635,1,0.9564693744293734,0,0.16322922680145555,no
cust_0008,131.2210245626019,5,0.917721447338187,1,0.14369341198380775,no
cust_0009,171.7024017434386,3,0.8899813150796818,0,0.19836556165191074,yes
cust_0010,131.4632922875015,4,0.7715791058961992,1,0.10986693048831427,no
cust_0011,131.37080985718973,2,1.0,0,0.14613912782660252,no
cust_0012,159.67849086264135,1,0.7617453794153413,1,0.19978906141887642,no
cust_0013,73.46879021368808,1,0.8249965810319868,1,0.17646531058952863,no
cust_0014,81.00328669947869,0,0.7176217378872002,0,0.12668480112775435,no
cust_0015,127.50849883036109,0,0.8931038527015409,0,0.07435216166998662,no
cust_0016,109.48675518662304,3,0.8620888349827845,0,0.16554290953974057,no
cust_0017,162.56989330381094,3,0.9112221150691808,0,0.07106623990485053,no
cust_0018,113.67903697915156,4,0.7108747495116453,0,0.13937493176544175,no
cust_0019,93.50785194658833,2,0.9390324533904745,0,0.20894741996183339,no
cust_0020,208.62595075686215,4,0.7854051678824309,0,0.17983793231509246,no
cust_0021,140.9689479805386,1,0.8380795840508908,0,0.04881730109939163,no
cust_0022,152.70112818751696,2,0.9245257014944851,0,0.16002257521701585,no
cust_0023,93.01007255146173,0,0.870901334730552,0,0.13404150426987027,no
cust_0024,128.2246910189927,5,0.8765554045333491,0,0.08631412996372752,no
cust_0025,154.43690358839464,2,0.9139343055924319,1,0.16675106479010512,no
cust_0026,103.96025690310789,2,0.8843032511950979,0,0.12541310756046364,no
cust_0027,165.02792073382687,3,0.8227113677961025,1,0.1257232980680251,no
cust_0028,125.9744524032478,2,0.8366824697411817,0,0.15620225592133602,no
cust_0029,138.33225000826894,6,0.8669502942921458,0,0.11870577345492576,no
cust_0030,125.93173551082413,2,0.7783555125162932,0,0.15478679169332815,no
cust_0031,224.0911273803575,2,0.9296806927510936,0,0.12033375551850328,no
cust_0032,149.46011101048265,2,0.8730923144645987,0,0.12307692696887289,no
cust_0033,107.69156284176401,3,0.8559821014337574,0,0.1996464884647764,no
cust_0034,182.90179648412757,3,0.9453997247225177,1,0.20473358181901383,no
cust_0035,101.1662540011591,3,0.8403909085430904,0,0.06456728764286875,no
cust_0036,158.3545438001902,6,0.8354063202278066,1,0.1873536421923276,no
cust_0037,71.61319504480898,1,0.8112296988796828,1,0.21992955023130528,no
cust_0038,96.87255804406279,2,0.8774453607140748,1,0.2278688408701788,no
cust_0039,157.87444943476493,1,0.8746760086665212,2,0.17601898629425594,no
cust_0040,179.53866319981643,2,0.7966972639592075,0,0.09713010711280512,no
cust_0041,156.8547312475988,3,0.835784481830928,0,0.1814990420173767,no
cust_0042,145.37406870447037,3,0.7972318185184614,0,0.10653738223920416,no
cust_0043,137.95585217642844,2,0.7936105236947607,0,0.1328517416921673,no
cust_0044,90.8591203853029,1,0.7116081734618522,0,0.16915410785224094,no
cust_0045,121.20623166421166,4,0.8315271797054755,0,0.10976203266906304,no
cust_0046,131.5744491616085,1,0.713822938713599,0,0.09267998466411075,no
cust_0047,192.28488904875664,2,0.8129747450928391,0,0.17328866592454117,no
cust_0048,163.74473158273847,2,0.8009844283297913,0,0.24336121021561574,no
cust_0049,79.47839378549064,2,0.9341516045812484,0,0.2121617165239732,no
cust_0050,162.9633587757918,0,0.7688052154952286,0,0.18535930925250474,no
cust_0051,134.59670878334734,4,0.7891050892148419,0,0.19895927177948666,no
cust_0052,122.92311998776165,1,0.8194780688646742,0,0.1818859748590958,no
cust_0053,174.46705155363472,0,0.8035885078797779,0,0.17249501147046964,no
cust_0054,191.23998089983803,2,0.9595403837937501,0,0.19493089197993235,no
cust_0055,187.25120476464795,2,0.7589146101560305,0,0.08158184539729889,no
cust_0056,116.43129907109446,3,0.8196476400811327,1,0.15997426497214565,no
cust_0057,137.63150496595142,2,0.8765652199331525,0,0.14595258968780783,no
cust_0058,163.25053725614256,0,0.9204946674433605,0,0.1539451415572282,no
cust_0059,189.02180508489437,2,0.8195806755255837,2,0.1269313892626605,no
cust_0060,130.8330304861884,2,0.6965520319596966,0,0.1760243922387116,no
cust_0061,142.5736409334473,3,0.8379916622731596,1,0.10910359951561964,no
cust_0062,105.74660103975887,2,0.9581622780944572,0,0.12330725353039827,no
cust_0063,102.15173503677318,2,0.8725749925944342,0,0.11730600431739496,no
cust_0064,182.50103289576793,0,0.8689134289887946,1,0.19319733186349344,no
cust_0065,204.24960114283292,3,0.7649585606738403,2,0.14941382483954033,no
cust_0066,147.11959513678664,3,0.7567462727769068,1,0.12695838301016185,no
cust_0067,190.14131591568096,4,0.851443331890728,0,0.13132851524919098,no
cust_0068,164.46544100190536,0,0.7358896862174873,1,0.15019403083402036,no
cust_0069,124.19520981579502,4,0.9125089777890009,0,0.23110874594349268,no
cust_0070,164.45582422033655,0,0.782268300090691,0,0.0881739831826664,no
cust_0071,211.52146265863877,2,0.8480274175414805,1,0.18377549988398928,no
cust_0072,148.56695843560195,1,0.6991386464996606,1,0.17359311690155038,no
cust_0073,212.58574623256024,2,0.8184958505245195,1,0.1058517300776612,no
cust_0074,45.21019583641022,2,0.7551311562295837,0,0.22334366450773432,no
cust_0075,182.87610017500896,0,0.6642434866126551,0,0.17696402254403382,no
cust_0076,153.48188272952686,2,0.8933473671469053,0,0.12461333483851215,no
cust_0077,138.03970598136527,4,0.9812927631273258,1,0.05702933370268699,no
cust_0078,153.6704310614201,1,0.9403578871475157,1,0.16145734172495563,no
cust_0079,70.49724341596429,2,0.9045352551923044,1,0.14776272076220084,no
cust_0080,141.2131244864995,3,0.8168703065643563,1,0.09846435343669403,no
cust_0081,164.28450286046984,0,0.914471218283826,0,0.09781927949321816,no
cust_0082,209.11576178966064,2,0.9479082558858982,0,0.19342549335597523,no
cust_0083,129.2691912690541,1,0.8609457463737035,1,0.052215254633950235,no
cust_0084,117.6602558842725,0,0.7552511862150382,0,0.16571413775365182,no
cust_0085,129.92971825661854,1,0.8100492561126903,0,0.1406281512344569,no
cust_0086,186.61608470808295,3,0.9862157190678349,0,0.17485774141767196,no
cust_0087,163.15004438638738,1,0.8440204665479867,0,0.13528474950698993,no
cust_0088,128.80959184931845,2,0.5840195424071123,0,0.16466374826301572,no
cust_0089,170.53069732453423,1,0.7324861229063845,0,0.11286125777356452,no
cust_0090,153.8831019739216,5,0.8160441037486015,1,0.14753975419133156,no
cust_0091,188.74579962131557,1,0.9328660190734054,0,0.17445419390753714,no
cust_0092,121.9178762449059,4,0.8281502118074471,0,0.1575435935637735,no
cust_0093,136.89351413608927,2,0.9343545323978608,0,0.1690153421200772,no
cust_0094,134.3156738747137,0,0.8079070117162008,2,0.10360393502741765,no
cust_0095,91.45940207471526,1,0.692856598221151,2,0.12046627190575739,no
cust_0096,161.84481108258305,3,0.8106751073121532,0,0.12133300803920273,no
cust_0097,160.44221088719559,2,0.8775956001237027,1,0.13617551222066235,no
cust_0098,150.20453826569843,3,0.8709560279473051,0,0.2179291434808914,no
cust_0099,140.6165146649941,3,0.7495913800594691,0,0.13229106222321493,no
cust_0100,93.38517031798344,1,0.8219043038556988,0,0.09282202701172497,no
cust_0101,133.17418708938564,0,1.0,0,0.17708228439252963,no
cust_0102,136.29141933892922,1,0.7513384938962498,0,0.21733217157172408,no
cust_0103,117.90890923113524,4,0.9028578715570998,0,0.08693940740738454,no
cust_0104,143.54857153335962,2,0.6822659441144163,2,0.2486405377359045,no
cust_0105,166.16203427258154,4,0.919103345965573,2,0.1707588301161536,no
cust_0106,225.4474360484212,3,0.7786139687849243,0,0.20169453945341953,no
cust_0107,156.98311251327357,2,0.8821670606562352,1,0.22335358175216574,yes
cust_0108,160.30201562891057,3,0.7466779518585439,1,0.1986308821353871,no
cust_0109,147.0221633693533,2,0.8732682240141365,0,0.1444732201496159,no
cust_0110,73.24915138803834,2,0.7773079763406849,0,0.21088490720957076,no
cust_0111,148.93944498203132,2,0.79279614536267,0,0.16272998849354597,no
cust_0112,152.40920839764107,3,0.8853588805116024,0,0.204524236245382,no
cust_0113,248.52968449941145,1,0.8155691618882387,0,0.20999377418903414,no
cust_0114,142.3055614087551,2,0.8804305158573049,2,0.09545517050136157,no
cust_0115,162.0618936933445,3,0.8347326945085319,1,0.18971505659885032,no
cust_0116,148.61152921179027,2,0.855399494499782,0,0.1409054040743314,no
cust_0117,103.25287849521872,0,0.8856069177082722,1,0.15690953183920076,no
cust_0118,195.71291258060083,1,0.8219985236327088,1,0.15635463744213987,no
cust_0119,180.07732130747095,2,0.7703160171198581,1,0.1543485108787679,no
cust_0120,181.64127788172186,2,0.8074150187256167,1,0.22617626561145196,no
cust_0121,113.62450180821044,1,0.9456111343866749,1,0.08167761865529681,no
cust_0122,206.11177243744396,0,0.859293846726124,1,0.0638828321565107,no
cust_0123,93.92595748830877,5,0.7824081237271621,0,0.05333549641672133,no
cust_0124,173.47428375201082,2,0.8821248486710175,1,0.2034572131967957,no
cust_0125,237.61822503239915,1,0.8874652467951311,1,0.111328125406617,no
cust_0126,110.37854699477246,2,0.8915999260638248,0,0.1566093234757443,no
cust_0127,127.34809081588912,0,0.7717730239702971,1,0.14426414379377103,no
cust_0128,153.98605460350564,2,0.7954087204571284,0,0.10568124296800098,no
cust_0129,129.86097383535204,1,0.795853662689039,1,0.19257386187778494,yes
cust_0130,87.9734627573547,3,0.8211481670347046,0,0.14362685158913077,no
cust_0131,152.7425189922411,4,0.8931135348114987,0,0.13811324614808076,no
cust_0132,107.5078514509558,2,0.873694784378481,2,0.16164356538701255,no
cust_0133,168.94369722540728,0,0.880017356572573,0,0.18603860424191085,yes
cust_0134,113.22303063064787,2,0.9583215313897219,1,0.1020511878232776,no
cust_0135,211.99737620070158,2,0.9051112745993304,1,0.19364591736666434,no
cust_0136,118.66986830655051,3,0.8386558700003129,1,0.22249267598866748,no
cust_0137,137.117539351773,5,0.7552891859158,0,0.07869388156194118,yes
cust_0138,182.54068869478678,2,0.7928362393223304,0,0.16391494895639158,no
cust_0139,100.76542734264179,3,0.8290635945857419,1,0.13475388938213362,no
cust_0140,159.09839738416517,3,0.9163303861868891,1,0.184961529036007,yes
cust_0141,202.28571017129713,2,0.8478134452715125,0,0.08916703937365743,no
cust_0142,85.7006706175509,5,0.7975043236089245,0,0.23144691128217879,no
cust_0143,157.38535434129216,2,0.7913685691418219,0,0.06960525967854653,no
cust_0144,160.39531176993694,5,0.8444337432863018,1,0.1377859530111733,no
cust_0145,181.2729148710924,0,0.921199004977368,1,0.171714803799768,no
cust_0146,100.52197156487672,1,0.9772815444620093,0,0.11568315765325875,yes
cust_0147,97.18173547662894,1,0.8335385121576265,0,0.10782992257714812,no
cust_0148,170.8776626246759,2,0.8464205455389922,0,0.1611117818315262,no
cust_0149,161.87938692932744,1,0.7528846635074093,1,0.15388799599955402,yes
cust_0150,160.01971401383506,1,1.0,0,0.15029690847075747,no
cust_0151,163.85792837987904,0,0.7379197729475132,0,0.1929344255732813,no
cust_0152,122.79901113686037,3,0.9437329849424441,0,0.13027636532859893,no
cust_0153,159.29014788644014,3,0.8207731237590024,0,0.16597963248975023,no
cust_0154,161.72289893194724,0,0.8020506804927745,1,0.12466985958620926,no
cust_0155,121.42594327894528,1,0.7611997142491258,0,0.10753352570852959,no
cust_0156,224.63098044579027,2,1.0,0,0.13576206857549908,no
cust_0157,168.95331683647152,5,0.8677193298622715,1,0.12506174064031841,no
cust_0158,102.34786011189405,1,0.8517024349683251,0,0.12755980994186092,no
cust_0159,176.2621443453532,3,0.9209385887643634,0,0.20826637089010808,yes
cust_0160,111.01273319090714,0,0.797933381949603,0,0.1372948272982223,no
cust_0161,181.48338414969808,2,0.8501476764184804,0,0.11685466638600675,no
cust_0162,196.34382316029615,1,0.8545069029449697,0,0.15140393870239952,no
cust_0163,117.17270726593158,1,0.8090283414121493,1,0.15521139695642036,no
cust_0164,188.53504516977287,2,0.9459710463348731,1,0.09065593852029642,no
cust_0165,166.51123707745992,2,0.8325076470803277,0,0.13507968640380782,no
cust_0166,182.8824063997796,1,0.7257494357304937,0,0.13306578379507014,no
cust_0167,225.8717193061579,1,0.8258802109183301,0,0.14139278631457633,yes
cust_0168,140.18447535988517,1,0.8699342937371117,1,0.18627641865189926,no
cust_0169,119.85055342570041,1,0.7785205412889913,0,0.15683359355814414,no
cust_0170,114.41942281497907,3,0.7848324165463648,0,0.21139686736926652,no
cust_0171,117.36758860138247,2,0.8062992769499168,1,0.1494169822055592,no
cust_0172,146.91593162343582,5,0.9476988528053568,1,0.2388043640190032,no
cust_0173,163.64607899266574,1,0.8110273581883435,0,0.12696124931341735,no
cust_0174,161.06763197320078,3,0.9643293614840824,0,0.11152188094174378,no
cust_0175,183.08732996144096,2,0.8008039649481331,0,0.17736513373884868,no
cust_0176,150.5200756751163,3,0.8760011309005233,0,0.21820409687325087,no
cust_0177,208.14136308629267,3,0.8143005860624198,0,0.08105983477073866,no
cust_0178,139.41372667048176,3,0.9103266536232377,2,0.14015046758928423,no
cust_0179,258.80676666358477,0,0.7605380676347776,0,0.11946090274570645,yes
cust_0180,175.02669391060024,3,0.9094287583661785,0,0.15714255064960397,no
cust_0181,115.7136977433487,2,0.8591095520247747,0,0.15050089617497023,no
cust_0182,107.16430007755551,1,0.798800654657804,2,0.21726906238138605,no
cust_0183,169.29889660972742,2,0.8367022812231879,0,0.14457976035626083,no
cust_0184,141.06148858696596,3,0.972708395282574,0,0.21873920494851146,no
cust_0185,178.56001976368367,0,0.8610275603904627,0,0.1342449831990657,no
cust_0186,168.9295049829418,2,0.7937817587269889,0,0.1963240937552608,no
cust_0187,147.0868434937251,0,0.753624537373751,0,0.16143315140683595,yes
cust_0188,116.1282512772638,0,0.8904323418744797,1,0.23649426993417222,no
cust_0189,89.40611101256542,2,0.8656676197608548,0,0.07614925685927858,no
cust_0190,132.13940191731916,1,0.9056016556070579,1,0.09180711411200876,no
cust_0191,184.2559517729389,0,0.7330220208248126,0,0.24158111423291934,no
cust_0192,158.56374976520817,1,0.7562191637686799,0,0.1133367453256823,no
cust_0193,100.17044885152048,2,0.9417503359401519,0,0.11650983209620691,no
cust_0194,156.92723703404727,3,0.8765073317423472,0,0.10621382072500728,no
cust_0195,165.41269518915348,4,0.8926720680990049,1,0.2074222978266862,no
cust_0196,114.64570255195468,2,0.7729850374313637,0,0.08732711933874376,no
cust_0197,156.14900423782112,2,0.7715210241336865,1,0.15112252061388304,yes
cust_0198,152.32834873784,2,0.9293006926553671,2,0.1367189089109731,no
cust_0199,104.28118808677507,0,0.9330702123812119,1,0.20182577917522174,no
cust_0200,164.31149441393134,2,0.7629344410376757,1,0.12181586688341775,no
cust_0201,172.43138105472937,3,0.7476503603317723,2,0.1707636289556637,no
cust_0202,193.3220497270111,1,0.8413125623430044,0,0.09143919133113651,no
cust_0203,192.15208208139612,6,0.7860521237299195,2,0.26369705193386006,no
cust_0204,94.89322528171635,1,0.784385849676318,1,0.13802038376731454,no
cust_0205,112.48699840339509,3,0.7498897402858086,0,0.15043817424426836,no
cust_0206,170.6014106883464,1,0.8125252921375706,0,0.23273771794252712,no
cust_0207,170.55143803648835,1,0.7576244205893707,0,0.12066636128473952,no
cust_0208,170.6019074522419,3,0.7623679277592611,1,0.23336911714693082,no
cust_0209,304.1092596261888,3,0.8738713477253044,1,0.12942644129310196,no
cust_0210,172.83562042772667,3,0.8455841412570099,0,0.18358490919106296,no
cust_0211,195.42262560722395,1,0.8887902945225705,0,0.12136591799203506,no
cust_0212,188.16007053972808,6,0.7180773251720555,0,0.08219817774276326,no
cust_0213,176.05565005223193,0,0.850790448786381,0,0.17072971752703078,no
cust_0214,137.38923021438617,1,1.0,0,0.18199517004917665,no
cust_0215,180.3587688197307,4,0.8202182012571521,0,0.08420571288368806,no
cust_0216,119.08699141849712,0,0.9159799205257838,0,0.13464708405456438,no
cust_0217,140.52725573039965,5,0.9152805479019538,0,0.21003794807684534,no
cust_0218,130.58545808683587,2,0.9192158886401021,0,0.1800059475398305,yes
cust_0219,153.2749655754529,1,0.8633329349645859,2,0.13023924991079747,no
cust_0220,242.58634266694034,0,0.8952868786195372,0,0.12012371491827721,no
cust_0221,75.30939229633007,0,0.9059210896010405,0,0.24741221625673882,no
cust_0222,177.45040761498055,4,0.9008356822651487,1,0.07765339650985709,no
cust_0223,85.49136515241392,2,0.7606065461189283,0,0.14704007127956986,yes
cust_0224,131.12272536842266,2,0.713409241396481,0,0.07676515631530276,yes
cust_0225,193.55802387869466,1,0.7257133165268154,0,0.21574073224221407,no
cust_0226,152.57120076381852,0,0.8283872006093869,0,0.14964381938958315,no
cust_0227,106.89020888282775,2,0.8975141387538116,1,0.1589087042384717,no
cust_0228,121.38785162960127,1,0.7616470977990732,0,0.28844461548138045,no
cust_0229,177.18390995738704,3,0.9239176366867523,0,0.12032636621318032,no
cust_0230,120.78533473131453,0,0.809817986039369,0,0.2374287957029267,no
cust_0231,158.658343583279,1,0.8105795831044736,1,0.13046340427959058,yes
cust_0232,151.82287359615256,1,0.783111440329632,1,0.13832437712075507,no
cust_0233,123.93598609576732,4,0.6992170912786981,0,0.28190876283102995,no
cust_0234,235.75776357301302,3,0.8683451302747718,1,0.14194548113691632,no
cust_0235,175.35676089272044,2,0.9870134170270854,1,0.0812814297852376,no
cust_0236,68.99429653369572,2,0.844986838117395,1,0.16409593940631562,no
cust_0237,157.4581725907771,2,0.7019494686644118,0,0.14136315874164979,no
cust_0238,123.52854140926448,2,0.9124274249293157,2,0.16835479208669302,no
cust_0239,184.09733339184896,2,0.7200161607917608,2,0.14332011033361153,no
cust_0240,118.29917046269198,1,0.7532772482408652,0,0.26077723081023824,yes
cust_0241,145.41054234132403,0,0.8309329462149143,0,0.17783679194179677,no
cust_0242,170.1994911592183,4,0.8598274750832158,0,0.09625176861370908,no
cust_0243,184.63020776680486,0,0.7693068799066537,0,0.1562273401011927,no
cust_0244,101.98814371776895,3,0.8278147154747215,0,0.11001850879164805,no
cust_0245,136.61995056636206,1,0.9072129920608547,0,0.1376143078748523,no
cust_0246,131.00218755356175,2,0.9181743107846414,1,0.10447796447165886,no
cust_0247,123.86683069705153,2,0.9501165137451412,0,0.2553559261603011,no
cust_0248,220.61816961124387,5,1.0,0,0.1154307692410889,no
cust_0249,166.19926843843822,1,0.9147911457328893,1,0.18437821759970685,no
cust_0250,99.56464182659819,1,0.8326610788476607,0,0.13382602890616863,no
cust_0251,186.71447788219103,5,0.9187451032898378,0,0.09207934137136048,no
cust_0252,234.88624788050532,1,0.8873372987204146,0,0.15988246514497534,yes
cust_0253,191.29861042204587,1,0.8905093582021003,0,0.17003459185428532,no
cust_0254,89.22520136183947,3,0.8641775028057348,0,0.17793132663772568,no
cust_0255,130.63063708534995,0,0.7770356718276875,0,0.01888904227295286,no
cust_0256,200.6764459674649,1,0.7677522873742456,0,0.08825771431654543,no
cust_0257,121.69322137524877,0,0.8422305439139885,0,0.19787773595109423,no
cust_0258,167.75277712584915,0,0.8619128060677097,2,0.1038196518695604,no
cust_0259,180.98536213717347,3,0.7956447261654629,0,0.16014720251550554,no
cust_0260,112.92278113687668,3,0.883867355888686,0,0.08709876523856072,no
cust_0261,147.618985757528,1,1.0,0,0.186580055107922,no
cust_0262,20.349306397237097,2,0.7104535424577394,1,0.1965634797997787,no
cust_0263,109.0244943466284,0,0.8965795582051008,1,0.18659549530861833,yes
cust_0264,139.8972739442736,0,0.8447220303287352,1,0.20162784061767985,no
cust_0265,100.08867272140603,4,0.8860524444267723,1,0.22819500724497663,no
cust_0266,215.2964521572654,1,0.8155428239631767,0,0.09129629341955127,no
cust_0267,92.79434488157469,4,0.8383152091962266,0,0.11056640344243186,no
cust_0268,132.39822053212066,4,0.8603600360806479,0,0.19487717851518974,no
cust_0269,155.22962309144364,4,0.8258692893171792,3,0.20651098859187406,no
cust_0270,207.65093156264462,2,0.7283566946104081,1,0.11628285232140372,yes
cust_0271,92.56551395282243,2,0.8312867975484437,0,0.11280569673372079,no
cust_0272,196.52655008619837,3,0.7366853097443045,0,0.11738932550347471,no
cust_0273,150.40932244078348,2,0.9022554488464247,0,0.0697452517978027,no
cust_0274,110.73965395808196,5,0.7007563919137502,0,0.08642944089129623,no
cust_0275,168.48413897053084,5,0.9322923503564712,0,0.08763536774849233,no
cust_0276,157.9623878229388,1,0.8843650400162784,0,0.13529507630971832,no
cust_0277,125.99132491364821,2,0.8846710892587115,1,0.16354182579169774,no
cust_0278,152.79208339960076,1,0.6768552105721728,0,0.17167364158211862,no
cust_0279,134.5874561255296,2,0.8237120449526755,0,0.12457188733621594,no
cust_0280,154.54069381004993,4,0.9422850742927887,0,0.12580064418595605,no
cust_0281,176.48522698084184,2,0.8085113616775764,0,0.15618307475756305,no
cust_0282,213.4406726458141,4,0.7637550280029028,0,0.07519927214252864,no
cust_0283,100.48738004692603,1,0.799066392399543,0,0.19797202660415444,no
cust_0284,235.32133498625066,3,0.8445377901888529,1,0.21426926395071355,no
cust_0285,71.91648801909993,2,0.781890363974975,1,0.118720968115598,yes
cust_0286,143.92859619857666,3,0.9487053785671434,0,0.13007819203256105,yes
cust_0287,173.53268825938304,3,0.8448265976007686,1,0.21216561124225847,no
cust_0288,161.2396747094013,1,0.8055544521641658,0,0.14384742045050503,no
cust_0289,125.09201920717625,3,0.7458925178531536,1,0.17941227229758147,no
cust_0290,141.67510998570899,1,0.888755728422315,1,0.1453847303099613,no
cust_0291,130.2799626136467,3,0.886933303576909,1,0.2278153694240137,no
cust_0292,126.42540972223154,4,0.7866232875052246,0,0.17450398141257478,no
cust_0293,183.984083880841,2,0.6710936777348684,0,0.1773827885959596,yes
cust_0294,164.2806194386019,3,0.8828609751660708,0,0.17831532693667934,no
cust_0295,122.28361618957383,3,0.8350557286991198,0,0.12224431318361438,no
cust_0296,185.98399501733002,3,0.8768856934340535,0,0.12683804315387323,no
cust_0297,162.29198083506438,3,1.0,0,0.18846228197799875,no
cust_0298,182.5144847535584,1,0.8478534525032752,0,0.15632064147168087,no
cust_0299,175.18515367694448,0,0.8088929106525782,0,0.09111944960941135,no
cust_0300,116.8401995631171,4,0.7582142425881327,1,0.243655221231239,no
cust_0301,127.59275839212121,1,0.8250062566803961,0,0.198903593364855,no
cust_0302,179.89174420493046,2,0.8628461879692513,0,0.15188131619225095,no
cust_0303,174.4148106173386,1,0.8542645936479009,0,0.13632495091000177,no
cust_0304,149.16393624143407,5,0.9878772272053682,1,0.15993379287650414,no
cust_0305,154.69309533235128,1,0.8899268452372754,1,0.17587600495787137,no
cust_0306,201.106595831537,2,0.8392159302794232,1,0.048349963216497614,no
cust_0307,126.3371444465668,2,0.7934751536933221,1,0.2556174854742877,no
cust_0308,171.8838952468015,1,0.8713338211026657,0,0.110505784541654,no
cust_0309,141.91229390264425,0,0.7774393473293872,0,0.14990471835056213,no
cust_0310,141.2927518709112,0,0.8643864863630325,0,0.1517433441389573,no
cust_0311,193.95107407948763,2,0.8889931141523875,1,0.24984251093444257,no
cust_0312,183.0166539595212,2,0.8326838221782842,0,0.14559380794966525,yes
cust_0313,182.54038544002555,3,0.7995770844747886,1,0.22942536471768146,no
cust_0314,202.21915228617317,3,0.6751762522132075,2,0.1703363734730557,no
cust_0315,150.84015366531037,0,0.9415069381136313,1,0.10190575688970253,no
cust_0316,177.27811885179855,3,0.8822640312196225,0,0.1567353734051402,no
cust_0317,137.58932973626176,1,0.8842093825267826,0,0.14407456391425438,no
cust_0318,162.9666540995377,1,0.725091813137816,0,0.09579647575478854,no
cust_0319,144.79427782529262,3,0.9603870959792046,2,0.16788613847361208,no
cust_0320,153.87983859970873,0,0.8127826506705536,0,0.1511051374924928,no
cust_0321,173.80628101747655,1,0.8268963757840411,1,0.177821085272927,yes
cust_0322,117.2711726706611,2,0.7644570515664939,0,0.15966763897991573,no
cust_0323,233.6954910274184,2,0.7070443414928121,0,0.11744485514929649,no
cust_0324,109.75930474001191,1,0.9425877049378854,1,0.18841669961451574,no
cust_0325,101.43245548849072,1,0.9529277895518099,1,0.11878008598732104,no
cust_0326,196.3244349400027,0,0.8367577478917337,0,0.0,no
cust_0327,181.66650775851744,1,0.795649234415492,0,0.15643264739771084,no
cust_0328,174.9647926820862,2,0.8198364664692593,1,0.1222963136383005,no
cust_0329,175.1338203705712,1,0.822030800797156,2,0.16910652521983174,no
cust_0330,149.5101290861234,4,0.7540112222256321,1,0.24994358679698572,no
cust_0331,114.10982514056674,1,0.8266195827644928,1,0.25138698465740295,no
cust_0332,153.03218232774904,3,0.862248159434746,0,0.141743853888908,no
cust_0333,122.91353153951553,1,0.9314525798119001,0,0.1086742414376972,no
cust_0334,189.00478933671005,3,0.8511395331210969,1,0.1792341640958961,no
cust_0335,144.11770473991444,0,0.7238918632880451,1,0.13148872040668227,yes
cust_0336,116.98011212829954,1,0.8782838290558941,0,0.16958882611734713,no
cust_0337,137.14456633388025,2,0.8295255550664197,0,0.11695696188865727,no
cust_0338,166.517258171025,1,0.9596327755187093,1,0.16253462080113762,no
cust_0339,127.451017887841,2,0.9643566241635206,0,0.10940129238532618,no
cust_0340,117.11118417734274,2,0.9671563449813839,0,0.20921267080157332,no
cust_0341,159.7474884596765,2,0.8050729651701376,1,0.12050111546236937,no
cust_0342,159.7986628443489,4,1.0,0,0.18305512678674846,no
cust_0343,129.7222729851548,2,0.8780754003916565,2,0.08676163584072404,no
cust_0344,131.1584677752671,3,0.9801104324534906,0,0.18905869283053456,no
cust_0345,159.28199749430544,2,0.8097904308934593,0,0.10168079653658997,no
cust_0346,92.07662634010704,1,0.8261122609912298,1,0.16305884034872545,no
cust_0347,93.70144902493779,2,0.8719221882137668,1,0.20116004866739934,no
cust_0348,121.26223114990256,4,0.8621502087691152,0,0.14000085507216103,no
cust_0349,141.46211393152612,2,0.9503849554775335,0,0.09854165446270334,no
cust_0350,162.43630262392017,0,0.8314296545161236,0,0.17484062535679606,no
cust_0351,209.01424867798207,3,0.9431691992248284,0,0.1079509300506726,no
cust_0352,184.30638492808077,0,0.9085787605706123,0,0.12978772004013858,no
cust_0353,143.60245880146292,5,0.8329286225114281,1,0.16327313297478635,no
cust_0354,149.23935168389244,2,0.9023741293985851,0,0.21803380180538526,no
cust_0355,109.89882541448765,3,0.812138796253356,1,0.15132766768997344,no
cust_0356,149.2594745603044,2,1.0,0,0.15114287549225616,no
cust_0357,138.4536544431945,5,0.6368534143140442,1,0.18687564468114257,no
cust_0358,162.90874241352358,2,0.9038354563596032,1,0.15251859483364982,no
cust_0359,116.91076225790708,2,0.7088323272578362,1,0.1817765099916449,no
cust_0360,170.7738605696469,1,0.8319474637425545,0,0.20392667730314734,yes
cust_0361,211.30955652010311,1,0.8431513528423003,0,0.13361314248660003,no
cust_0362,145.6495940617257,6,0.9706106847130948,0,0.0,no
cust_0363,166.06846888395765,1,0.7946278230338487,1,0.10910364532072668,yes
cust_0364,177.6057596684445,2,0.9546409532529422,0,0.21043410054176515,no
cust_0365,133.95118112456655,0,0.7556946687820162,1,0.14831176093011728,no
cust_0366,158.96369927241668,4,0.9577335779003893,0,0.13304348645360503,no
cust_0367,150.5036960312718,2,0.8120523646477221,0,0.20833924966016037,no
cust_0368,153.90704394195328,3,0.8558747615392895,1,0.1449337541885052,no
cust_0369,119.07960864578133,3,0.8230897069511677,1,0.04537333971254219,no
cust_0370,150.9804069703577,3,0.9525890779292483,1,0.07473489694958282,no
cust_0371,169.91993164981798,2,0.9370191874586998,0,0.17093240104084528,no
cust_0372,208.04574431180166,1,0.8854801376467619,0,0.14665545292026366,no
cust_0373,188.37083304340828,2,0.7578505292330581,0,0.2227328239414611,no
cust_0374,236.12729830046226,3,0.7927982505575806,1,0.11333656580979115,no
cust_0375,119.30609748447802,3,0.76771387795951,0,0.13452496189981025,no
cust_0376,184.89282546882714,3,0.6701485690566269,0,0.105774846346999,no
cust_0377,157.33368022953408,2,0.9509054481480037,0,0.12397029111597735,no
cust_0378,237.59211732870688,3,0.8237741178925843,0,0.055404804937318794,no
cust_0379,117.66806858579395,2,0.8229204828566162,0,0.1307157667974734,no
cust_0380,116.41112631276896,0,0.9696881786740448,0,0.1474065568115049,no
cust_0381,126.02429418223912,4,0.8119209118090905,1,0.14318345787671583,no
cust_0382,65.04417102760772,3,0.7827623251451256,0,0.25747766318664045,no
cust_0383,128.96979913276957,2,0.8320203503588012,2,0.24167422885884907,yes
cust_0384,119.63469353785209,3,0.7593864758498483,0,0.11245502645194572,no
cust_0385,156.01575145904832,2,0.8775484615430365,0,0.0478031652673702,no
cust_0386,163.67023903108637,1,0.8201070337388664,0,0.14503998235342216,no
cust_0387,225.04683356863546,4,0.809418287152495,1,0.16882550690853101,no
cust_0388,188.016953527442,3,0.8024877462383758,0,0.10697579633085823,no
cust_0389,126.92385377350388,4,0.8415022804926391,0,0.10945121830371385,no
cust_0390,114.06341314606568,1,0.856678490041588,0,0.2291277484656266,no
cust_0391,169.67676686026022,2,0.8084019929273982,0,0.1371224214427348,yes
cust_0392,97.19067171917432,1,0.8212987251123882,0,0.18311250928478692,no
cust_0393,223.25835063417415,2,0.8434781738544521,0,0.10348471510727773,no
cust_0394,197.17760482885149,1,0.8354065491568369,0,0.14715297706376035,no
cust_0395,131.2329739158118,1,0.852486077350001,2,0.1331830823182744,yes
cust_0396,81.47461883636488,5,0.7958663357401589,1,0.11623133805983558,no
cust_0397,204.15489496661652,0,0.9303674327301192,0,0.20776502057608465,no
cust_0398,145.41840618989528,2,0.8577462541927614,0,0.08055614951834929,no
cust_0399,199.51265247893846,4,0.8096922597740098,0,0.16500284127556447,no
cust_0400,86.22289364822532,2,0.8775507373902828,0,0.13224391722547504,no
cust_0401,126.02499908184909,0,0.8440505120945028,0,0.1707412241017937,no
cust_0402,150.20974798872732,5,0.7112938916413065,0,0.1329211683890821,no
cust_0403,151.8792237505897,2,0.8772762152177301,0,0.19335965309594697,no
cust_0404,131.99738114083024,4,0.768439503809265,0,0.1030148700873924,no
cust_0405,174.91399729389994,3,0.9247542226585046,0,0.2078776595837656,no
cust_0406,107.29518282469623,1,0.8306600288885242,1,0.14855986526627893,no
cust_0407,144.30482059914826,2,0.9124056237912851,0,0.08357487354924381,no
cust_0408,154.81182526847596,5,0.7995825157441914,0,0.18401077279514116,no
cust_0409,170.57755336234996,1,0.8555943413712511,0,0.14005751282411744,no
cust_0410,178.46459512355557,1,0.94681948004055,0,0.06460810369302278,no
cust_0411,105.01431632648524,1,0.8284786762868142,0,0.1666234041879435,no
cust_0412,88.63543317057511,3,0.8027346321011356,0,0.200329785763885,no
cust_0413,201.10707287594036,2,0.9024032491025431,0,0.21410678701800656,no
cust_0414,163.29256047918366,1,0.9008529277400769,2,0.1310824058700117,no
cust_0415,120.06053853773786,0,0.8061000693268144,0,0.15726590276628688,no
cust_0416,212.04607902090092,1,0.691163118366579,1,0.15252681713964558,no
cust_0417,154.62698537171434,0,0.8011981618001315,0,0.22449013157856768,no
cust_0418,197.17188736255306,3,0.9041887617349137,0,0.10947557088133414,no
cust_0419,152.70073925640435,2,0.7879972648461021,1,0.1267670273897729,no
cust_0420,232.42991699527948,0,0.8491249730387044,0,0.10826398452750967,no
cust_0421,220.21363369772817,1,0.7974012049626925,1,0.07754247384435564,no
cust_0422,140.04143406083705,3,0.695426626997916,0,0.1623893590526041,no
cust_0423,188.8628380381742,2,0.7959615058368058,1,0.23006491658887937,yes
cust_0424,175.81503798340592,1,0.903850561655177,0,0.14007577707424695,no
cust_0425,204.74526230129393,3,0.660379801594735,0,0.10590516892284328,no
cust_0426,111.40306157679582,4,0.870173388038046,0,0.1593429851116034,no
cust_0427,177.44205839993757,0,0.755114461488047,0,0.17945590893863278,no
cust_0428,192.33697947398352,1,0.8986753655579354,0,0.1421818431281714,yes
cust_0429,79.65042054307543,1,0.9071455148698923,0,0.22017676659770885,no
cust_0430,102.669659493369,2,0.8362441652070979,1,0.1093819052856239,no
cust_0431,68.43071288959598,2,0.8364265472975022,0,0.13565151817438187,no
cust_0432,139.2237266222177,0,0.7854909842290959,0,0.1647993952421481,no
cust_0433,178.70169023183848,2,0.7423533279916027,1,0.16964818763089135,no
cust_0434,210.09428208384114,0,0.9858474325066986,0,0.15236140461490802,no
cust_0435,152.963791216791,4,0.7807942858263097,0,0.08607900388214258,no
cust_0436,215.14462182285166,1,0.9754236904957178,0,0.2669005702103165,no
cust_0437,94.79594167140435,5,0.7812399968159859,0,0.138201504247695,no
cust_0438,81.86470242579381,1,0.8920152312270182,1,0.15551337592923284,no
cust_0439,147.77809204413524,1,0.7589754272277092,0,0.18083805465864902,no
cust_0440,165.3626179575723,0,0.8918716013521611,0,0.11817473186752352,no
cust_0441,148.69221007623628,1,0.8239530114277502,1,0.1528463210435388,no
cust_0442,67.30231599840494,2,0.8249987071459464,0,0.11614048811733527,no
cust_0443,146.43519841948847,0,0.898801853582756,0,0.17077753707371154,no
cust_0444,97.82121997980587,3,0.8124686907936721,0,0.13619886757222152,no
cust_0445,176.78690195320155,4,0.7357481203643922,0,0.1634359263652334,yes
cust_0446,164.66392984387394,2,0.9109044450727561,0,0.0976731326757199,no
cust_0447,112.40480854690578,5,0.7583279528014137,0,0.1085541782996897,no
cust_0448,129.44532330653226,2,0.8913213827518328,0,0.0817429661571599,no
cust_0449,107.63145912444193,3,0.92783972362664,0,0.1144734960336896,no
cust_0450,147.49283610907312,1,0.8199604890918226,0,0.021323787815092997,no
cust_0451,188.20569282004953,2,0.9445882275273427,0,0.13464498971560865,no
cust_0452,110.57095814657825,0,0.8885426966289027,3,0.12328798640185368,no
cust_0453,170.16186062071378,3,0.794331086388418,0,0.15754554818125346,yes
cust_0454,128.78969526510238,1,0.962114320181286,1,0.15223038622171448,no
cust_0455,118.28508670950623,3,0.7586662542608488,0,0.2128539884240535,no
cust_0456,145.7187856018177,3,0.8198639656077148,0,0.2797155092387056,no
cust_0457,108.59030710322503,1,0.8334948157104537,0,0.20687695065753176,no
cust_0458,127.85402778611272,3,0.8984178960814604,1,0.1273446205312456,no
cust_0459,102.08488429644606,0,0.9392346637904907,0,0.1253304625145055,no
cust_0460,228.58900531665557,1,0.934223324552217,1,0.19343315211778575,no
cust_0461,151.41054207886916,0,0.8678998655659445,0,0.0658327652713584,yes
cust_0462,122.01097968029659,2,0.8275784716429146,1,0.13423985369182606,no
cust_0463,158.55919642936888,1,0.7039212606697896,0,0.1380923532478071,no
cust_0464,145.50687801236683,4,0.7448683316435827,0,0.17920657424094058,no
cust_0465,141.1612160186711,3,0.9913324391433148,0,0.18069331730703903,no
cust_0466,174.566668001737,1,0.7031142409997968,1,0.11277197298034854,no
cust_0467,180.3003084018922,1,0.7872407485406312,0,0.1292813669147408,no
cust_0468,128.7799540955789,4,0.9415685025640071,0,0.17225521274163533,no
cust_0469,126.9672703742128,1,0.8667770639357893,0,0.11005396720406176,no
cust_0470,138.99793211393424,1,0.9242436056804554,1,0.21030592173871415,no
cust_0471,57.9231534105766,1,0.8934262681016542,0,0.18045876167201205,no
cust_0472,89.39235751205791,3,0.9675666029888709,0,0.15857547740974218,no
cust_0473,204.67497069778096,1,0.8736341829251908,1,0.16954702991404597,no
cust_0474,215.79870854005134,2,0.9030758183321209,0,0.12665546915296,no
cust_0475,140.03855841774487,5,0.7920602774353328,0,0.11868542889061907,no
cust_0476,173.06227852223066,1,0.8969066380462509,0,0.12876388919306395,no
cust_0477,162.45000618174146,2,0.8183099121608617,1,0.17499833461299247,no
cust_0478,273.1552323382095,5,0.813751530561543,1,0.16005074903543268,no
cust_0479,194.78299645738306,1,0.921577881171771,1,0.1288642770153645,no
cust_0480,144.88329634076933,4,0.9221298700847491,0,0.18747908716538275,no
cust_0481,111.77838237598297,4,0.9850753724596906,0,0.1413026788831923,no
cust_0482,85.7421471896971,1,0.9798610548388961,0,0.11533446272054158,no
cust_0483,158.13854543468892,2,0.923385212908702,2,0.16271707546492603,no
cust_0484,119.74597018862787,3,0.712364351181063,0,0.0993485244188581,no
cust_0485,93.10985161609304,6,0.9962144786359757,0,0.06563881250321493,no
cust_0486,124.13708463029893,0,0.923437413653309,1,0.1497447712217368,no
cust_0487,106.73807985542419,4,0.7887311927930958,0,0.11712931031445582,no
cust_0488,217.48566540290258,3,0.9083127324450225,0,0.1372922823665075,no
cust_0489,185.26559027797802,1,0.7670187407229817,0,0.10166335409277749,no
cust_0490,149.68109434733532,4,0.8994904096087794,0,0.21044660698512851,no
cust_0491,209.19776555560105,1,0.744698396714072,0,0.11692536280359307,no
cust_0492,153.09473230590473,2,0.7853425272970691,0,0.1284000310914595,yes
cust_0493,115.54863194686945,1,0.9067943303360421,1,0.16889416337916172,no
cust_0494,210.9249630907863,4,0.9358309394394315,0,0.08116928508386584,no
cust_0495,171.55640174738636,3,0.8760349487547048,0,0.07747251133756478,no
cust_0496,108.51015382694175,6,0.8271065090649623,1,0.16904764178467063,no
cust_0497,142.38645287665568,1,0.6808106963986408,0,0.1277526184768915,no
cust_0498,114.9752698646097,2,0.8332783120278912,0,0.1049252446552922,no
cust_0499,94.68801076142655,1,0.8926788061459622,0,0.180168658647366,no
cust_0500,187.04710190126565,2,0.8246587915251482,0,0.10940391704460034,no
cust_0501,226.37666561880522,3,0.8481937647124466,2,0.13627438502255376,no
cust_0502,94.05729704723436,3,0.8351506025665664,0,0.10519347660137435,no
cust_0503,172.51876946762283,0,0.8242635025742853,1,0.1651718593124912,yes
cust_0504,123.97429723512691,1,0.856070191196785,1,0.2166038096358387,no
cust_0505,130.51498464941216,1,0.8281844334278031,2,0.05694800353339423,no
cust_0506,126.30424303044524,4,0.9654631642905553,1,0.1556328844375323,no
cust_0507,115.44036921280735,1,0.6734864921293013,1,0.19282942209431753,no
cust_0508,151.94086511779307,4,0.8063325931223138,0,0.12892611263471135,no
cust_0509,116.76199534355848,0,0.780379502118622,1,0.09344788128520573,no
cust_0510,160.81827303119354,3,0.8675288480027528,1,0.17104817635637018,no
cust_0511,147.99047562203452,1,0.8561715828706501,1,0.200082675168855,no
cust_0512,140.4420781253436,2,0.9797754481239543,0,0.19452610888227342,no
cust_0513,113.69745351833609,4,1.0,0,0.16829546689574137,no
cust_0514,126.9291467772667,2,0.7881533235543615,0,0.1548956868804321,no
cust_0515,180.21564903303025,1,0.8500400052026903,0,0.10504937223078493,no
cust_0516,170.03668750497522,1,0.8657043533539485,1,0.1932622475171971,no
cust_0517,110.89779020805796,2,0.786174900133013,2,0.19049784066762537,no
cust_0518,153.97329221716905,1,0.9002705628830098,1,0.09309708406723664,no
cust_0519,180.05548493487157,2,0.8308394104988044,1,0.16822398639232455,no
cust_0520,83.22378875514514,1,0.7645892119519218,1,0.18264119377598925,no
cust_0521,171.7344076951974,2,0.8276345356586765,0,0.19410568860377533,no
cust_0522,123.49504964216614,0,0.770186034180748,1,0.14625051904363898,no
cust_0523,172.82394674372637,1,0.9329317463535404,0,0.10712162129269279,no
cust_0524,119.46963373829932,4,1.0,0,0.12489419100679773,no
cust_0525,77.80471597341923,3,0.8695855499115631,1,0.09963750707720191,no
cust_0526,84.8983024846735,2,0.858902141444262,0,0.14744696674425087,no
cust_0527,151.92339786645528,2,0.8621947813499349,0,0.13765573017156546,no
cust_0528,160.38890006885927,1,0.9445787223150652,0,0.25725182103843536,no
cust_0529,113.82733499582366,5,0.9428559202877747,0,0.19473385712190658,no
cust_0530,175.54369835109495,0,0.8407477145161415,0,0.19847740334445485,yes
cust_0531,83.5391975092416,2,0.8702071941903273,0,0.17356762454138644,no
cust_0532,147.35680805410735,3,0.9022117125741662,0,0.1316341176665741,no
cust_0533,101.55935200950174,1,0.7589850034759412,0,0.13623050205909631,no
cust_0534,123.92655568791363,2,0.9470086589936365,1,0.14080653500916895,no
cust_0535,151.89594685265655,4,0.9887865512981782,0,0.1594116636350567,no
cust_0536,115.5834653886419,3,0.9432025683871565,0,0.1694584905111724,no
cust_0537,134.61777823080698,2,0.7503524870708356,0,0.15003543138402609,no
cust_0538,190.2517123685776,1,0.69239996356649,1,0.13547007613284334,no
cust_0539,126.92432521907405,3,0.9066974938814345,0,0.12029421847560078,no
cust_0540,183.42768448260568,2,0.789184844083033,0,0.08036756211083732,no
cust_0541,104.81172581369528,1,0.8729706683298388,1,0.21416895825233256,yes
cust_0542,171.1921671166113,0,0.9728118976006038,0,0.26027647841327073,no
cust_0543,207.66274482631601,0,0.7974435858881271,0,0.20996683904641256,no
cust_0544,51.13421999490843,2,0.8197956274872832,1,0.08704671870346269,no
cust_0545,118.12418978118093,0,0.8721378378070652,0,0.18935082848204457,yes
cust_0546,173.0828850872216,1,0.7461992288014215,1,0.2011888150810408,no
cust_0547,141.87818455828028,0,0.7893715043195298,0,0.1298281150689321,no
cust_0548,164.84583493485235,0,0.8519886003001015,2,0.17444636198195143,no
cust_0549,125.84059253136718,2,0.8259636104945799,0,0.127184848373869,no
cust_0550,153.463591498916,2,0.898672620303938,0,0.226446449740687,no
cust_0551,143.77291058431683,4,1.0,2,0.1682685461107657,no
cust_0552,196.7112824663923,4,0.8579310671534499,1,0.10414222543144756,no
cust_0553,160.17683373204852,0,0.7826630443169592,0,0.18349040490046692,yes
cust_0554,163.5041064830081,2,0.9634592283806052,0,0.20293903367451238,no
cust_0555,133.5249213551013,1,0.7228945219743823,0,0.15990658255679377,no
cust_0556,130.49575103710026,2,0.7388873463176714,1,0.1739720845871634,no
cust_0557,132.69767248721516,1,0.8023917249081821,1,0.1465123285385601,no
cust_0558,165.77808569513186,0,0.8273690623584299,0,0.09328597734268831,no
cust_0559,133.16062076718947,4,0.8004741810786233,1,0.14241331207897462,no
cust_0560,161.5909942758565,4,0.8474790140461581,0,0.17615198164817789,no
cust_0561,233.01603194581753,1,0.8719793522197076,0,0.1435986566008381,no
cust_0562,184.8449881372677,1,0.935516762822011,1,0.19003827133697954,no
cust_0563,136.95905871328637,3,0.8572950619075026,0,0.13039092194012078,no
cust_0564,198.0485568865578,6,0.8050443001843919,0,0.13367045862745863,no
cust_0565,133.67698507913795,1,0.9311716309151529,0,0.1915559998996952,no
cust_0566,68.47501859288585,1,0.7845827619415895,1,0.16109262584015224,no
cust_0567,109.67654756330384,3,0.7193917803450142,0,0.1294139209422204,no
cust_0568,75.16832315896578,3,0.9464764814323633,0,0.20169026880043123,no
cust_0569,135.93946063834764,1,0.9413482595848777,0,0.1155632141024736,no
cust_0570,150.73673516758205,2,0.7866161286236715,1,0.11365255204913255,no
cust_0571,217.05749249101132,2,0.8180720916943259,1,0.008527559446796293,no
cust_0572,163.0770949505665,1,0.7766457963736056,0,0.12230157257112763,no
cust_0573,141.23597884764544,2,0.8761299374052107,1,0.21543583394611412,no
cust_0574,183.17622324733958,2,0.9885639433094465,2,0.04638536569137804,no
cust_0575,61.5545876396846,2,0.9062305438876097,0,0.10240399298853912,no
cust_0576,159.42458232434265,2,0.9328579714066426,1,0.17195342779450848,no
cust_0577,180.8346077554787,2,0.9155782665352808,0,0.037756661305363606,yes
cust_0578,90.85655016880634,1,0.8499904681152725,0,0.12446506932451176,no
cust_0579,195.75016172827716,1,0.9366672350329053,0,0.2070431607805373,no
cust_0580,163.53985629977657,5,0.9096024450330239,1,0.25215129009244946,no
cust_0581,133.38848344396794,3,0.9651556572122508,0,0.1645123282833516,no
cust_0582,175.3112746442514,3,0.8132360847070594,0,0.10367664908794413,no
cust_0583,240.82771431217583,1,0.710951068836369,0,0.10199356306758586,no
cust_0584,157.2746502023398,2,0.9336200811898462,0,0.1572453984665452,no
cust_0585,159.92882345201343,7,0.8779815616484846,1,0.16404816605825495,no
cust_0586,131.62556401839024,2,0.8263163119743011,2,0.24289643800291244,yes
cust_0587,116.00622522140833,2,0.8307877750154007,0,0.19854024262686015,no
cust_0588,183.21343266176982,3,1.0,0,0.15420532439442453,no
cust_0589,115.75664696364531,0,0.7986244277972583,0,0.13323963733702907,no
cust_0590,152.8626494887757,2,0.7817357354538933,2,0.3007355854651105,no
cust_0591,130.89370212939534,2,0.8568227386794681,0,0.18132973999979476,no
cust_0592,169.1591930298557,2,0.9444392702378369,2,0.11656241432112274,no
cust_0593,163.34648421147793,1,1.0,0,0.1387688538204261,no
cust_0594,191.50159777031598,2,0.9025891970711657,0,0.10612726299984498,no
cust_0595,129.5993440458101,1,0.7483673004816456,1,0.0297725237074805,no
cust_0596,139.20500258826516,2,1.0,0,0.16563254956036613,no
cust_0597,110.8494513687077,2,0.8484425040738323,0,0.2391227108278657,no
cust_0598,132.22826959695556,5,0.7829832454484024,0,0.06847213988763479,no
cust_0599,165.0920197217941,2,0.7636486034320517,0,0.15276312979395087,yes
cust_0600,180.2795446658141,2,0.9169062975468365,1,0.11465476104312014,yes
cust_0601,113.11338703289498,1,0.8691063508949131,0,0.17607512627849262,no
cust_0602,184.7842368042264,1,0.8776060301556681,0,0.1413834921637717,no
cust_0603,204.22551435219805,0,0.9529202495257545,0,0.08199726727911993,no
cust_0604,166.53739612894805,0,0.7858276326792285,0,0.10094481430251322,no
cust_0605,225.07183250232265,2,0.9592923702618918,0,0.10848497340078961,yes
cust_0606,119.04843203585708,4,0.8084674141765048,0,0.2172159103993604,no
cust_0607,100.21381186754331,2,1.0,0,0.21466296384650754,no
cust_0608,78.85119004382885,5,0.8978991212794512,0,0.13443260564436513,no
cust_0609,209.84177245956732,1,0.7763809176178899,0,0.21139017167256732,no
cust_0610,176.17462625416232,1,0.6879665533343616,2,0.14134080803019128,no
cust_0611,147.7766131635818,2,0.9147139777823209,0,0.13366686207749065,no
cust_0612,161.19874505279282,0,0.8200655779207853,1,0.15285589202755873,no
cust_0613,104.98043810806494,0,0.8375547444382532,2,0.16424126393118182,no
cust_0614,247.83007918467305,4,0.9112956807339285,0,0.12222776035674991,no
cust_0615,155.1688472790091,3,0.9308331061000524,1,0.15109328710911113,no
cust_0616,154.3757917841957,1,0.9478968272535433,0,0.18936612528232616,no
cust_0617,179.03066495594769,2,0.7560126953293651,0,0.15647698196030235,no
cust_0618,169.24036926946852,0,0.9640715799699671,0,0.152139145106216,no
cust_0619,158.95536097116525,0,0.803676373106548,1,0.17470901071403974,yes
cust_0620,118.38102178218752,1,0.6695000052201419,1,0.18333530304293047,no
cust_0621,168.85873428543982,2,0.7557247722511963,0,0.14686920906935386,yes
cust_0622,225.28097985900135,2,0.8674420073706052,0,0.12629094714609254,no
cust_0623,203.8168018461991,1,0.7716948603135089,0,0.15946016517371175,no
cust_0624,213.7274650655759,0,0.8429564424659165,0,0.07030181350883502,no
cust_0625,129.55137294275258,3,0.8770601990023342,2,0.13948390022480725,no
cust_0626,110.41580718965676,3,0.8354891677512571,0,0.02642200458428695,yes
cust_0627,144.96852319601408,3,0.8104516529714626,0,0.06621041082817496,no
cust_0628,152.22899649154778,5,0.7499443149609418,0,0.05869070752916446,no
cust_0629,193.76766073883795,2,0.8517555046572266,1,0.20236758712265257,yes
cust_0630,82.30141481140723,2,0.6848034089932211,1,0.15069909079846625,no
cust_0631,211.18201277842454,3,0.7951201566624463,0,0.08689754883918327,no
cust_0632,143.67968405684041,2,0.7757772712751391,1,0.17455330217226783,no
cust_0633,132.9247572021032,2,0.8308498518792868,0,0.1994327239683259,no
cust_0634,109.51582498959328,2,0.8329336160552584,0,0.1754242778073687,no
cust_0635,83.80573312536922,6,0.9267965339546996,0,0.14056449357537068,no
cust_0636,182.92682335847658,4,0.9766781821799679,1,0.16162433092096837,no
cust_0637,152.93271868753615,1,0.7605776927810424,1,0.1950748266571366,no
cust_0638,98.40156401035784,6,1.0,0,0.1265377081168672,no
cust_0639,98.19684911745536,1,0.7876563520382854,1,0.15149334616289128,no
cust_0640,136.56861202839488,3,0.8638021426338471,0,0.13714034776967843,no
cust_0641,216.7608610115757,1,0.8908690391318654,0,0.0693292073673757,no
cust_0642,139.6163459454558,3,1.0,0,0.19582840903221507,no
cust_0643,89.87428187527576,4,0.8066174129789868,0,0.2528635932497005,no
cust_0644,140.17027743656223,3,0.7062609589617557,0,0.10631026893794049,no
cust_0645,139.0910572100932,3,0.9692303576154385,0,0.19813401174431494,no
cust_0646,42.12453428233714,2,0.7833301152963652,0,0.10790031101191995,no
cust_0647,147.8282053392875,4,0.8210729135539525,1,0.15663939075385322,no
cust_0648,140.76261879165287,4,0.7605800276859059,1,0.22540061368948883,no
cust_0649,177.84825459253673,1,0.8213036981560865,0,0.12397805073039445,no
cust_0650,223.9582437978138,2,0.7827686771035647,1,0.14926567928040632,no
cust_0651,195.06260118191028,2,0.9041153453195817,1,0.05992485017459616,no
cust_0652,139.24445237780677,2,0.8564633303777583,0,0.11678978280268841,no
cust_0653,105.73896365033319,2,0.7955155871508257,0,0.0546863838999647,no
cust_0654,252.93439212999442,2,0.9296697581327141,0,0.17145890599374994,no
cust_0655,152.36873736057953,4,0.8703997400539679,1,0.19158187794757886,no
cust_0656,150.55717167651784,1,0.7023161399644755,2,0.13891825567145977,no
cust_0657,149.03499651559986,1,0.9235762651267442,0,0.16429434836283963,no
cust_0658,157.92339043071422,1,0.8647894307082108,2,0.13371347723747765,no
cust_0659,144.2255835230423,2,0.9612585990073234,0,0.18702726829372182,no
cust_0660,127.05351972479055,1,0.8599133941074115,0,0.15647309675625995,no
cust_0661,128.1256423503843,1,0.7866632519545924,1,0.050716832209822024,no
cust_0662,148.68986919136006,3,0.8336563733358531,1,0.19699904090464102,no
cust_0663,128.2630091546494,2,0.9143135464704576,0,0.1305228602708423,no
cust_0664,121.48616869291342,1,0.788341035223931,0,0.08648102643957976,no
cust_0665,154.25720910767586,1,0.8147762570313953,0,0.12805330138279986,no
cust_0666,139.8009113031658,3,0.8322649136000746,0,0.05489651757267801,no
cust_0667,210.15971954330755,0,0.7580502711827302,0,0.08750553443804783,no
cust_0668,43.96120766427952,2,0.789494126029714,0,0.15714748050576943,no
cust_0669,193.66027407689847,3,0.8638040153443352,0,0.16133558431702832,no
cust_0670,199.84340769990516,0,0.9461982198122406,0,0.1653219417127584,no
cust_0671,67.06439070367402,3,0.875371758776838,1,0.1501604933881749,no
cust_0672,136.29249623678604,2,0.8463310992504782,0,0.1153567438263994,yes
cust_0673,135.14236536016836,3,0.7834983380838151,0,0.14727704302697173,no
cust_0674,93.69953221128715,2,0.9376128329376185,1,0.12813962765260573,no
cust_0675,118.88733249636499,2,0.8846804399957474,1,0.06871092009624079,no
cust_0676,105.57696618136686,3,0.7934616189184608,0,0.11137925044947058,no
cust_0677,220.0908177369449,2,0.921891876694792,0,0.1944770615584512,no
cust_0678,187.42713572589844,3,0.8947661649208374,1,0.2294147076027472,no
cust_0679,200.86220379976635,2,0.7849175720507011,0,0.18256375220593443,no
cust_0680,178.8668825617294,0,0.8418897394988639,1,0.2271848880496207,no
cust_0681,104.83792915131085,1,0.8105781817405651,1,0.1542694305067479,no
cust_0682,129.01918934880905,3,1.0,1,0.23711880423512696,no
cust_0683,169.57498244911673,2,0.8925395906500527,0,0.25272442201642903,no
cust_0684,101.11488764432218,3,0.8649409643878592,0,0.06332652509819059,no
cust_0685,178.51993720689552,1,0.8878130444861371,1,0.16107466535664164,no
cust_0686,140.3869840736746,2,0.9603330070557998,0,0.15432150945437711,no
cust_0687,135.0071676980161,0,0.8433295884449228,0,0.12879480922079503,no
cust_0688,178.43839872813967,1,0.8028072561707394,0,0.17459577690756933,no
cust_0689,167.7705324594416,1,0.9175426582477934,0,0.15205625343209384,yes
cust_0690,135.5613533672368,0,0.836004434719895,0,0.11322755398039783,no
cust_0691,196.37319213456993,4,0.7644083736735597,0,0.14866974474815092,no
cust_0692,106.7574668960041,6,0.7488250854595153,0,0.2102297289684195,no
cust_0693,174.63742427777055,4,0.9723437240671626,0,0.15912690484413378,no
cust_0694,173.72405031873535,3,0.8605315653535427,0,0.18134773741280663,no
cust_0695,137.61814242744038,1,0.8028346092806079,1,0.13614734498604544,no
cust_0696,163.04532088968472,4,0.8312532071166349,0,0.17260320050758074,yes
cust_0697,99.95545694458787,2,0.9145955774406681,0,0.089539273475841,no
cust_0698,186.96108076827605,3,0.8265275587326364,3,0.12501397502901038,no
cust_0699,142.60391454228045,2,0.7340464216658065,0,0.1448665695717036,no
cust_0700,129.09107917923842,0,0.876067268171834,0,0.08618320396867311,no
cust_0701,191.96036903347556,2,0.946667825405885,0,0.10848916405538638,no
cust_0702,121.82625237828962,2,0.94131714543778,0,0.16565558842869457,no
cust_0703,93.66154814545762,3,0.8052536049490203,1,0.1564915958144016,no
cust_0704,87.73483305904385,1,0.9515338125166704,1,0.19031827123288544,no
cust_0705,174.24039805382557,0,0.8670359978937298,1,0.1199744490907418,no
cust_0706,98.78282590014868,1,0.9492917875102981,0,0.15288011130026208,no
cust_0707,220.19176727937457,3,0.8958949624002043,1,0.11640662945580857,no
cust_0708,66.72282368465112,1,0.7282722525893864,0,0.1853064274554663,no
cust_0709,217.85825473160153,1,0.9897391150006677,0,0.20953730580126237,no
cust_0710,158.44069868810473,2,0.8541427080959163,1,0.17416624136264014,no
cust_0711,146.1314755251843,5,0.8961435059131053,0,0.20305971381382915,yes
cust_0712,128.20323652764202,4,0.7424764297222525,1,0.1516249931443931,no
cust_0713,165.96544457408282,2,0.8904261200062452,0,0.19027969174975878,no
cust_0714,148.49461190300607,2,0.9382342186194128,1,0.153770887130623,no
cust_0715,194.13207528066087,5,1.0,1,0.0987535966707116,no
cust_0716,154.56910594648159,1,0.9620319835836226,0,0.1623360694349303,yes
cust_0717,156.0120704584751,2,0.8943379763156831,0,0.10023516531047452,no
cust_0718,135.45551151144576,1,0.7264498117321291,1,0.2669564475784455,no
cust_0719,147.7221750511573,3,0.8605818232397937,1,0.13329559206123326,no
cust_0720,162.31207075568236,0,0.8025992347829656,0,0.18225189277244985,yes
cust_0721,81.59326429373499,0,0.8687982299852998,0,0.14937933902372028,no
cust_0722,96.07258311577148,2,0.752693933376392,0,0.0883193287982047,no
cust_0723,179.7305637609086,1,0.8331866473766478,0,0.05507384849677142,no
cust_0724,156.83461752511766,1,0.8086253532955145,1,0.18745069775370654,no
cust_0725,142.64066654589283,2,0.8061466915224603,0,0.22746704633855297,no
cust_0726,150.73735732261574,1,0.8069411051207076,0,0.11325981463948206,no
cust_0727,163.90326821446683,2,0.8391316226889404,0,0.06716537402202047,no
cust_0728,128.40961278762555,2,0.8728955807238418,0,0.13374186337891875,no
cust_0729,118.86781098390749,3,0.650120512970284,0,0.10314414773806331,no
cust_0730,157.83381020390726,3,0.6598853714929709,0,0.11748421600689533,no
cust_0731,110.86508889539871,1,0.82290469280625,0,0.18051868498626428,no
cust_0732,166.33011022857886,1,0.8341784764235508,0,0.14747684762985808,no
cust_0733,81.89665583048638,1,0.8651288973283152,0,0.10852462205589912,yes
cust_0734,191.16622549302573,2,0.7917862116115021,0,0.17942503931305975,no
cust_0735,168.90389929652173,2,0.8507572155218145,0,0.18334361725378956,no
cust_0736,160.24118937255503,1,0.8601218564014443,0,0.13314712569776874,no
cust_0737,189.30763935782056,1,0.7912353522507622,2,0.156895826045903,no
cust_0738,216.61897777850305,3,0.931076465739288,0,0.1760250941538487,no
cust_0739,190.5748026007252,1,0.8641589049164048,1,0.17130515654916983,no
cust_0740,76.36503074673419,5,0.8937568876370632,1,0.15203070434827662,no
cust_0741,98.81692133057194,2,0.8555076585027082,0,0.2216293059112648,yes
cust_0742,125.00725689217285,3,1.0,1,0.1791340406507593,no
cust_0743,151.04364200843335,0,0.8977117655294122,0,0.12746604917511334,no
cust_0744,170.70636081876492,3,0.810960534703422,0,0.12776654661505474,no
cust_0745,120.97024747386138,0,0.915677350749472,0,0.12209568249316631,no
cust_0746,157.47067057908313,4,0.7189916066034663,0,0.18160604736139055,no
cust_0747,119.7846827058671,1,0.8595680210133684,0,0.11886262199990466,no
cust_0748,125.53928788032206,2,0.8755328232073593,0,0.12875504553985967,no
cust_0749,93.73355612607111,3,0.8604816609662959,0,0.20290111940579064,no
cust_0750,113.07067015556383,1,0.823297690332889,0,0.15958159810336944,yes
cust_0751,95.93261577534665,0,0.7690181314530388,0,0.20992663135605938,no
cust_0752,110.9650698809067,2,0.7868522390359229,0,0.1899029936676171,no
cust_0753,192.14567186431358,2,0.8581659932997907,1,0.09116640854649682,no
cust_0754,112.02404444672229,2,0.7609184614057606,0,0.14489334708796492,no
cust_0755,255.29528259349564,0,0.9916134092517819,0,0.1994974519984271,no
cust_0756,169.73271603523557,3,0.6387281856525034,0,0.08889119674244937,no
cust_0757,157.39344494779496,5,0.8241249705964316,1,0.1709855410179338,yes
cust_0758,115.66568879275147,1,0.8588311711286157,0,0.1480381763150628,yes
cust_0759,178.01239517635963,2,0.890593674226663,0,0.06226056289388064,no
cust_0760,126.97448695048904,2,0.7767260218190059,0,0.15598296522594668,no
cust_0761,154.88039258581446,6,0.940743583511057,2,0.10812659919367335,no
cust_0762,252.4033815307518,1,0.7384935164949662,0,0.09161741089417869,no
cust_0763,146.157604011014,2,0.8047097129113946,0,0.15045703379113162,no
cust_0764,195.97093305142704,1,0.8996598044223539,0,0.05345735303734965,no
cust_0765,121.8729429949645,1,0.9332150851834201,0,0.11628548537075588,no
cust_0766,148.60046038012152,2,0.7376798962895121,0,0.2775587126251324,no
cust_0767,220.8320254254204,0,1.0,0,0.18251111967034717,no
cust_0768,124.92131768848931,4,0.7782006749466233,0,0.10592875469163233,no
cust_0769,222.49794231987715,2,0.7450254017977773,1,0.22020829700501982,no
cust_0770,178.310077418219,3,0.8902171913418605,1,0.1003978219611433,no
cust_0771,127.50132896422929,1,0.8221365237134834,0,0.12231524234322637,no
cust_0772,175.29630956222084,1,0.8103158149968205,1,0.09255742950353558,no
cust_0773,188.9021779850692,3,0.8976515246055775,0,0.16280399393330103,no
cust_0774,174.87239848868785,2,0.7278163447657753,0,0.2184314811048564,no
cust_0775,87.19101120438174,2,0.7138292480020239,1,0.10004968837200717,no
cust_0776,120.91451296700525,0,0.8022061307885417,0,0.046977848129545544,no
cust_0777,140.0992545779398,1,0.936232139156266,1,0.20454833372597098,no
cust_0778,147.02266283599815,2,0.8056755765269773,1,0.22769002505438402,no
cust_0779,174.8268839020271,0,0.9779325347622891,3,0.05024597667926334,no
cust_0780,157.10804003733014,4,0.9460811808937513,1,0.1730027170723222,no
cust_0781,96.58622565159595,5,0.8726356947605988,0,0.1613252676057644,no
cust_0782,165.20791404023853,0,0.8771779087499806,0,0.11062623475561226,no
cust_0783,174.42342981135292,0,0.8725602100013484,0,0.08028221666653836,yes
cust_0784,172.3916179172416,6,0.862777418294568,2,0.1995875172723278,no
cust_0785,193.23122902218486,0,0.8207006642017456,0,0.15895352657285974,no
cust_0786,183.35688618195616,1,0.8299849733434269,0,0.16272132287133603,no
cust_0787,168.36720316913747,0,0.7644031874725934,1,0.11891153235833994,no
cust_0788,147.19337154165413,3,0.6731965768567856,0,0.10990453977750213,yes
cust_0789,83.56156265936036,2,0.938325648742564,0,0.02725132293630269,no
cust_0790,167.18472876530345,3,0.8625806749428239,0,0.13859859851075604,no
cust_0791,158.30750748652446,5,0.8504969084497429,0,0.22194131897271113,no
cust_0792,160.86315348781494,5,0.8818759298286303,1,0.10548727899756731,no
cust_0793,98.93005696718761,2,0.7837282036165081,0,0.073879265286663,no
cust_0794,106.7577383836695,3,0.7699150229292453,0,0.1717832283228501,no
cust_0795,192.12611413331615,6,0.8273052245057477,0,0.1810039999223168,no
cust_0796,148.4177938457338,3,0.959447878541105,1,0.1207047019659412,no
cust_0797,177.26002789490497,2,0.7565007177205498,0,0.1325617767650179,no
cust_0798,151.13273504521837,3,0.6398347714553467,0,0.1631951558609379,no
cust_0799,151.19024557982974,1,0.8082879126544997,1,0.14222252656853365,no
