item_id,competitor_price_ratio,historical_sales_volume,product_category,discount_depth,demand_seasonality
item_0000,0.9342450352879883,65,electronics,0.16523585398772156,1.2206696058333815
item_0001,1.0789755802327752,56,apparel,0.09800079468797522,0.7440431752049773
item_0002,1.12808540692251,59,home,0.18752255979032287,1.1296304892019586
item_0003,1.104397364470858,57,electronics,0.1970282358195607,0.7600839114613143
item_0004,0.9538617358754564,49,apparel,0.052448240567308166,1.2143601396231167
item_0005,1.157100866560158,60,apparel,0.08489102465688408,0.6887856930178237
item_0006,1.120145566011045,48,home,0.15639202015836426,0.8578938073931693
item_0007,1.120497345509882,53,apparel,0.13418787038282087,0.878667827345048
item_0008,1.124506260266183,50,toys,0.14915994212478556,0.5789354851863764
item_0009,1.1604347238372315,35,electronics,0.10734780362132099,1.1705547464565293
item_0010,1.2742972395734682,58,electronics,0.1939698987431414,0.6897226780513329
item_0011,0.9888506877276926,53,electronics,0.1888895967714474,0.7385477575633645
item_0012,1.0547211183090741,44,home,0.1533015348780608,0.8870607267034134
item_0013,1.2254234682443754,47,apparel,0.20636206034840165,1.1488474894262521
item_0014,0.9162020133700498,50,toys,0.17337546711260227,0.8373305565724393
item_0015,1.0825574468887154,55,toys,0.10703537685583808,1.397756651207546
item_0016,0.9810882284012307,49,toys,0.16843753920412494,0.9950136010833543
item_0017,1.0480178190008078,50,electronics,0.10205586995855005,0.9421895184410501
item_0018,1.0974753245997566,39,apparel,0.19392251506536362,1.0897185462564674
item_0019,0.8568898583842947,44,home,0.14750370445068736,0.9737662061281477
item_0020,0.9507521721933362,42,toys,0.14075688182273696,0.788459283957473
item_0021,0.9094528917406197,49,electronics,0.11595352277980292,0.8900261205683894
item_0022,1.0268904491509774,61,apparel,0.2111270669337015,1.0333495725451436
item_0023,0.9811152915040375,54,electronics,0.1422735258965599,1.3153912578580427
item_0024,1.201510577985853,36,home,0.12858360889184464,1.052689172626885
item_0025,0.9896828453449058,61,apparel,0.13239332247558852,1.0951083738591152
item_0026,1.2213684487556284,53,electronics,0.17661545927766742,0.5524900110512089
item_0027,1.0093750809205115,45,electronics,0.1682722032182039,0.9464480123103083
item_0028,1.0771409520797663,50,apparel,0.17063663057979941,0.9944156950903424
item_0029,1.053984020008687,49,apparel,0.17154105015039414,1.3519417949442412
item_0030,1.051151831825204,47,apparel,0.2570823800435231,1.318771296052708
item_0031,0.9372821991667617,44,toys,0.1296792491807692,1.0237160862081902
item_0032,1.083471297537836,49,toys,0.12438786354642313,1.1056075751955476
item_0033,1.0883891548564746,51,electronics,0.10931136358760611,0.9860902260825083
item_0034,1.0737835513987095,60,electronics,0.18079897112877477,0.8538839634760971
item_0035,1.1121411674360069,39,electronics,0.20644861463604458,1.0032040880409765
item_0036,0.9680754453480176,40,home,0.14430262711725625,0.9245339587838909
item_0037,1.0202420794469604,54,electronics,0.10799217615187359,1.0645261203299212
item_0038,0.9838437295294711,36,electronics,0.10877593921543802,1.1363957414020707
item_0039,0.879582967469723,47,apparel,0.18252963939123504,0.9597447542385583
item_0040,1.086753632089105,42,apparel,0.18716270856017211,1.222896384350908
item_0041,0.9864511206660376,52,electronics,0.17715771341525974,0.7737666575828213
item_0042,1.0422279493080557,47,electronics,0.11672451463556528,1.0025607013312698
item_0043,1.2749767837979913,52,electronics,0.16160806615333598,1.040148640490633
item_0044,1.0730310528949356,48,electronics,0.1558342904570364,0.6324146771272322
item_0045,1.0607415900144188,48,electronics,0.16093442983645065,1.124594619489696
item_0046,1.157394578223339,61,apparel,0.1935714388974095,1.1436789136798031
item_0047,1.1746353913301106,55,toys,0.1611797774387341,1.344424937365196
item_0048,1.23128926970985,49,electronics,0.18394567815359475,0.9910377614885778
item_0049,0.997851602673872,39,apparel,0.15337895347444458,1.121908320598686
item_0050,1.229593494193053,68,apparel,0.1644559699344992,1.1308686877095266
item_0051,1.0368642201851703,47,electronics,0.18156441129192702,0.6729253225766175
item_0052,0.934177320699934,45,apparel,0.07714220900721667,1.0601972192830604
item_0053,0.9571108683646647,46,toys,0.13401643918213493,0.7113692122951677
item_0054,1.1607846878024322,38,toys,0.12648136728536022,1.05795549248959
item_0055,1.1262541563317858,49,apparel,0.1180561075878329,1.146180524319256
item_0056,1.1782523848530757,50,home,0.1362428874386658,1.0551402073718648
item_0057,0.9578175537361677,45,electronics,0.2247470655617198,0.5890579263946353
item_0058,1.0160210046586837,52,home,0.10670844421533783,1.2931643115537237
item_0059,0.9302282884951307,46,electronics,0.19841391772957404,1.061213576671825
item_0060,0.8524414260981892,54,home,0.06585651141920976,1.2006257668591915
item_0061,1.0481936524329032,43,electronics,0.13325574850071126,0.8629491275074136
item_0062,1.208269462442545,47,electronics,0.15813765325525028,0.9222436436101623
item_0063,1.1612087125079715,46,apparel,0.1793111165679639,1.4178206090276144
item_0064,0.9722814727308592,58,electronics,0.18556132898964275,0.9609113988961676
item_0065,1.166746978232277,42,electronics,0.18966736175999627,0.9143071799898664
item_0066,0.9923221757371736,46,apparel,0.13256374638757812,0.9258098274036557
item_0067,1.0812111812510288,49,electronics,0.12688241036677164,1.2008115445614196
item_0068,1.1326989188097534,48,electronics,0.19289879406285768,0.6851030871120207
item_0069,1.009241437227436,52,home,0.14043478375591925,0.9363334461947473
item_0070,0.9615362567704795,57,electronics,0.08621568383310389,0.8222503951442964
item_0071,1.1149612651502678,38,electronics,0.09333563929982595,1.5018434908192948
item_0072,1.0322796922001605,47,home,0.10402738569991943,1.2175721772545836
item_0073,0.9948164141336083,44,toys,0.1748580372026882,1.0208851820981308
item_0074,1.1134296088987536,38,apparel,0.15712128680352827,1.0471285430244301
item_0075,1.0285029319768513,55,apparel,0.1845242677033884,0.9550823259612587
item_0076,1.0882865804081887,32,home,0.12863736768317327,0.9124183040183501
item_0077,0.9534391136141434,42,apparel,0.15792698455383572,0.9673439016038947
item_0078,1.1224027224053565,49,electronics,0.18127951969836684,1.3559879894754439
item_0079,0.955333462492783,39,electronics,0.13453267301398808,0.9417864710646827
item_0080,1.0114347970390163,67,apparel,0.17283876187787056,0.9468051130660231
item_0081,0.8628360996664131,49,home,0.11690370294666742,1.0626128620809945
item_0082,1.1658979545960266,42,apparel,0.1318473076717464,1.2972764317737653
item_0083,1.0593631875246308,60,electronics,0.13091310530008354,1.0970228530775472
item_0084,1.0962770167649953,62,apparel,0.09020801772054801,0.7876669453998204
item_0085,0.8797458275828257,62,home,0.1743486240392791,1.0132887813184235
item_0086,1.065354295459536,51,electronics,0.1265298829898638,1.005304508735378
item_0087,1.0105620517145812,57,toys,0.15062470593638436,0.7353043236280511
item_0088,1.1697030399774897,55,electronics,0.17403733294529544,0.851799228652214
item_0089,0.8929496807962078,49,apparel,0.1723265588014972,1.0703229229122107
item_0090,1.0852859522009004,55,electronics,0.1832692554486393,0.9143199891982593
item_0091,1.1555577236791266,55,apparel,0.14507572577452882,1.3377955942291595
item_0092,0.930767997215229,44,electronics,0.12883508439779232,1.0716245042937176
item_0093,1.0609123832587495,47,electronics,0.14601408945468003,0.9089325146212603
item_0094,0.9415655958299367,42,electronics,0.0656332783020985,0.9863106388338505
item_0095,1.0543185601678196,39,home,0.07764437637884562,0.8189385658402021
item_0096,1.0833145143467426,57,home,0.08386501938227987,0.8689507128490985
item_0097,1.1816949855799386,51,home,0.1001376586199259,1.1567695127449102
item_0098,1.066816169119767,60,electronics,0.16998871133617183,0.9887683952346027
item_0099,0.9810367131785606,38,electronics,0.10472604723199695,0.6171988440255154
item_0100,1.1075895376248657,40,apparel,0.13109187229803052,0.7326950599446445
item_0101,1.0502557552450165,48,electronics,0.21496141488930326,1.1192828974717062
item_0102,1.1580166561386727,35,electronics,0.1321868014469287,0.7737224203944199
item_0103,0.989503795356536,51,apparel,0.18687577842335432,0.9402576195923671
item_0104,1.1836697970829515,48,electronics,0.10331911599950615,1.2230012376582444
item_0105,1.0668905065569412,43,electronics,0.1397281221066185,0.9578312130221448
item_0106,1.0742660272659008,45,electronics,0.10249889725447094,0.947625379476755
item_0107,1.150380412661968,50,apparel,0.13304834620497186,0.9240733499735664
item_0108,0.9970238910870728,60,apparel,0.19201540687286978,1.2183408555779873
item_0109,0.9989181815051054,39,electronics,0.06363397884038255,0.8650643551352795
item_0110,1.100802268313647,29,electronics,0.17172118217729287,0.7585044469307383
item_0111,1.0416078005117964,52,apparel,0.1618867801166139,1.0213927588846505
item_0112,1.054700218548256,47,toys,0.12029250221516027,1.332982331778886
item_0113,1.0095092008086026,56,apparel,0.07769710728057726,1.0797854028625422
item_0114,1.0192279305668448,35,apparel,0.15360647538569347,1.3176908487007875
item_0115,1.136254773545735,46,apparel,0.12352536454680987,1.2535804104042765
item_0116,1.246083118037832,53,electronics,0.16163381056773518,0.7839170618993162
item_0117,0.9120315187389356,51,apparel,0.15109260727617213,1.021934021465017
item_0118,1.2014702534765214,47,electronics,0.23008894456604578,0.9888119605277859
item_0119,1.1238961900088744,55,home,0.1380322186263488,1.0113413631748323
item_0120,1.1705629892776628,46,apparel,0.09882512536890674,1.2564451808240842
item_0121,1.0678874013835007,54,apparel,0.1589637817478158,1.2933196206263124
item_0122,0.9765037855265899,52,electronics,0.16099983419858827,1.159400220474283
item_0123,1.0299264232392833,54,electronics,0.21795937876202182,1.2547928293788224
item_0124,0.9572246452270646,46,electronics,0.19175556229572893,0.8918612820533669
item_0125,0.8828326113991307,48,electronics,0.16784355295747547,1.1766229445583247
item_0126,1.042202117157091,56,apparel,0.22316514456097808,0.8011218025718603
item_0127,1.0759067644703681,50,apparel,0.09056184728385745,0.9433196876635587
item_0128,1.0218755089076004,50,apparel,0.11801242336251261,0.7637396834613006
item_0129,1.0689681029622011,51,electronics,0.10367120292972375,1.2600514415850204
item_0130,0.8952220232028666,38,home,0.1305095098422116,0.9283314866993301
item_0131,1.1556032958631992,58,home,0.08116569262218455,1.168655409495946
item_0132,1.0341483534270641,53,apparel,0.18175754734072022,0.7535427474113893
item_0133,1.0540536102804263,38,electronics,0.13888886514506132,1.0627473722390017
item_0134,1.121524698745283,49,home,0.0764596852748671,1.1809685416449336
item_0135,0.9935685354792826,61,electronics,0.09922104593962291,1.0370935944526822
item_0136,1.3094755183596563,49,electronics,0.16567569237250976,1.0569016502505724
item_0137,1.1748576586423296,49,electronics,0.19190632839471905,1.0500244870126443
item_0138,1.173179237577517,51,home,0.24983654458458932,1.0080646765125938
item_0139,1.065138516298069,63,electronics,0.29569312330036646,0.9460844233370774
item_0140,0.9789007483295658,63,electronics,0.1707204716637998,0.8500895113333049
item_0141,1.1000372928827433,56,apparel,0.10052309399840678,1.227278235432525
item_0142,0.9771240728091563,53,apparel,0.04339768596343453,1.0224111289114386
item_0143,1.0733308148406409,64,home,0.1633855731171918,1.0356600567179297
item_0144,1.0734966066756289,48,electronics,0.10935294523448369,1.0869834179222044
item_0145,1.1735394485531694,46,apparel,0.12923213699101574,0.7695419114745873
item_0146,1.0941024564638395,42,apparel,0.11939516004700959,0.7478211566309968
item_0147,1.0649331305531338,53,electronics,0.14296045567918073,0.751638003493137
item_0148,1.1887318146121773,48,electronics,0.20329901153938218,1.3797158935411091
item_0149,1.0384093872125786,57,electronics,0.15785242837226723,0.9657700477991129
item_0150,0.9968197342541617,49,electronics,0.1420682581480656,1.1642920116131976
item_0151,0.9989684849295428,46,electronics,0.09821731235870941,0.6535812712888102
item_0152,1.195778355261827,63,electronics,0.06626585276478214,0.9424625650978622
item_0153,1.0531877993342673,46,apparel,0.12568460454633346,1.0406131754437598
item_0154,0.9926327934655832,41,home,0.14731087245908397,0.9063229519456778
item_0155,0.8542540779553844,55,electronics,0.23839649567899415,1.241954336294476
item_0156,0.9456470671855728,64,home,0.15651372607364428,0.9511096748083641
item_0157,1.0812657472113694,62,home,0.19913697555115287,1.0042437751741244
item_0158,1.1085731272117552,48,electronics,0.12503522007304238,1.2471143220190684
item_0159,1.2164073801948356,43,home,0.09075281167914877,1.3445162660715158
item_0160,0.9803690036378971,56,apparel,0.1017441618883814,1.0891808069017144
item_0161,1.0998266357912343,55,apparel,0.11373869677321233,0.9303626270856594
item_0162,1.1795957645612198,42,home,0.25642348662175823,0.9645586058172977
item_0163,0.8214329976932605,52,apparel,0.10893066603878068,1.2634139175196253
item_0164,1.281118968924016,51,apparel,0.19192446018681725,0.8046653319996047
item_0165,0.9364292498413812,54,electronics,0.10485364109564867,0.8166635666573965
item_0166,0.9363370751615167,45,electronics,0.1965786506437122,0.8260863080823216
item_0167,1.1433790121902816,41,home,0.16924754830529315,1.224316626643052
item_0168,1.0914080481151658,45,apparel,0.14216810511709546,1.1019961646605394
item_0169,1.1715512968462385,57,electronics,0.1479618736932283,0.8356410674379953
item_0170,1.1151056786705966,51,home,0.11726061522853047,0.8644624479036006
item_0171,1.0802980937650932,44,home,0.17230361007410402,1.0103106382351121
item_0172,1.037443737730284,43,electronics,0.127250825982961,0.9058696652359124
item_0173,0.9724894924699569,31,home,0.08871971181163758,0.7998816500730618
item_0174,1.1089811001692984,45,toys,0.08610312128401902,0.8413922149983486
item_0175,0.857849689812941,51,apparel,0.15862939588610597,0.9689505663793355
item_0176,1.0316071554509332,50,home,0.22895456282052173,0.8854205072981215
item_0177,1.1281036526606945,52,electronics,0.1579995806786719,1.0009341646442733
item_0178,0.9348312921551776,44,electronics,0.14406808369450586,0.9341618538899434
item_0179,1.1341998167722016,51,electronics,0.16429130698012714,0.8606569087697308
item_0180,1.1480867223984785,39,electronics,0.21530008708534124,1.0938144088885147
item_0181,1.0577317722564838,37,toys,0.1609691250681928,1.1002970271533903
item_0182,1.0348160950334904,48,electronics,0.12945363845831315,0.6083272677535947
item_0183,1.1054648219436556,63,apparel,0.20531443550299444,1.0581443455646589
item_0184,1.1142904423460547,36,electronics,0.17143782192308066,0.9099312388830318
item_0185,1.0250592555466436,46,electronics,0.2267877995997996,0.7991337523977435
item_0186,1.2562139283487403,51,home,0.1591617218610953,1.1544411537567028
item_0187,1.2024209173518692,68,apparel,0.08877654841397498,1.0552317240990867
item_0188,1.1507058373586636,46,electronics,0.08159204003771674,1.1173280514604558
item_0189,1.1900904851706544,53,home,0.23254639661156248,0.8938117707013509
item_0190,1.181127564042667,52,home,0.23618328603916486,1.3644499308831692
item_0191,0.9119527619567273,51,apparel,0.14102403933586996,1.1047614264403682
item_0192,1.3046089075719223,50,home,0.1308406339432006,0.8802726460222863
item_0193,0.9055888680526271,73,apparel,0.2230722146121101,1.3865842450778105
item_0194,1.0712450635961792,46,electronics,0.0946477158978256,0.8337068296645448
item_0195,0.939298864168415,58,electronics,0.10526364905220867,1.3069603292001344
item_0196,1.1136257597119696,56,apparel,0.1821663397344522,0.9412904774504214
item_0197,1.0944020648133352,54,electronics,0.1302697438570205,0.8767902307577975
item_0198,1.0745584908202184,42,apparel,0.14974390666399642,0.8525620195798428
item_0199,0.7627961142644917,52,apparel,0.14182785507377438,0.795342958105125
item_0200,1.1308041443096049,63,electronics,0.16687872743994667,0.8128697565907064
item_0201,1.0755274519620637,37,apparel,0.22037409306568584,1.0730943281867733
item_0202,0.8446659058230108,42,electronics,0.15452924534508727,0.9809613945518323
item_0203,1.201518542792248,39,apparel,0.1821969396638429,0.6692872364647151
item_0204,1.0350016920763578,48,electronics,0.04749139494844886,1.0403733466199834
item_0205,0.9742377619906654,54,toys,0.1475640799034941,0.6975204968652006
item_0206,1.0935087885354349,50,apparel,0.10783848648535643,1.1009090715498213
item_0207,0.996403723790162,49,electronics,0.0890593469788186,0.9041954768942158
item_0208,1.0894948229420736,47,apparel,0.10609238165356245,0.9524206739113679
item_0209,1.0138263330470625,32,electronics,0.1332938279649594,1.237879439162582
item_0210,0.9601742718315976,54,toys,0.19579512711780064,0.5853235918431615
item_0211,0.9356243866554627,52,apparel,0.0836803641130218,1.447326583368453
item_0212,1.1309888840611058,50,apparel,0.15153157462972086,1.6221295037897319
item_0213,1.0603603887940156,49,electronics,0.12579152833332108,1.2200172466099597
item_0214,0.9744670076838887,47,apparel,0.13361634528190194,1.1144732400806148
item_0215,0.9917811773835867,49,electronics,0.2001378912652302,0.8605680257129178
item_0216,0.9619275564666501,36,apparel,0.1769057718501963,1.2202512231552252
item_0217,1.2660860203247708,57,home,0.21686990537213718,0.9612176848974904
item_0218,1.088432174535663,60,home,0.14227471603750497,0.9412231715159255
item_0219,1.0684209064034862,40,electronics,0.11520286941646483,0.8378998495740114
item_0220,1.202861876620751,51,apparel,0.13880705915597502,1.2828084055571385
item_0221,0.9853296279428937,37,home,0.16212483956356108,1.1724388122226745
item_0222,0.9404093709979653,53,apparel,0.15882866792268555,0.7091524238954089
item_0223,0.9995724109313302,61,electronics,0.09578059638833167,0.9790364710836462
item_0224,1.067313142993373,45,electronics,0.1545244890813937,0.7347311404715281
item_0225,1.0296040151362669,55,electronics,0.16141141650694527,1.187202694322494
item_0226,1.015390387594134,52,electronics,0.275873701876696,0.8160706270103069
item_0227,1.0651531897603155,49,electronics,0.2438422305640835,0.985696768010248
item_0228,1.0051868813213387,45,home,0.10733783247205898,1.1141504759233678
item_0229,0.9392028486038438,40,toys,0.1356308319225412,0.9597839800085598
item_0230,1.1237963694866504,49,toys,0.07682789990814984,0.7486092476335674
item_0231,1.021821942342553,43,home,0.12046464930182567,0.9086974608245773
item_0232,1.0189323545959112,42,apparel,0.16578025017951703,0.7266564648175017
item_0233,1.099991437197772,50,home,0.21029268104441168,1.2894879426427825
item_0234,1.090122321669246,41,apparel,0.11354580811281957,1.1880994117918544
item_0235,0.9352886539848752,45,electronics,0.11729267799661017,0.642669321187573
item_0236,0.9738727246537779,40,toys,0.042635548513067244,0.7643919087327621
item_0237,0.9072065248708681,54,electronics,0.1418667039727546,1.4547222191875473
item_0238,0.9264721975782919,53,electronics,0.09687927940702183,1.132948643337771
item_0239,1.0778469480088468,42,home,0.1235280286316963,0.9351074956417268
item_0240,0.9978462275391755,53,apparel,0.10615696109162058,1.1877721853303278
item_0241,0.952220411463513,50,apparel,0.14528687228737214,1.0704422056268643
item_0242,0.9131821065192893,61,apparel,0.06211358043216843,1.15994900324454
item_0243,1.173739680247817,55,apparel,0.07664773773045046,0.9223118991240005
item_0244,1.0045042461133877,56,electronics,0.2564623556014149,1.3319694723835376
item_0245,1.0698301379953397,57,apparel,0.08562887093629844,1.0512445394396934
item_0246,1.0381763261273558,61,toys,0.09516072107726802,0.7595549912968415
item_0247,0.950634776981763,54,apparel,0.2418456764160657,0.9903822822568212
item_0248,1.0893721130545113,43,home,0.29525335846202033,0.9342844869003579
item_0249,1.0585131924502056,51,home,0.0914216685587329,1.0804669067508281
item_0250,1.1771514809610122,50,apparel,0.13158755216059848,1.05724159040331
item_0251,1.1054983531434353,46,electronics,0.16707777754702546,1.022981408531819
item_0252,0.9197359076476624,51,toys,0.2364348822202796,0.828413542992255
item_0253,1.032401623624797,49,home,0.10065714607858813,1.044214179797279
item_0254,1.0339055662725187,62,home,0.13773610770289452,0.8828536650614381
item_0255,1.0372903396863862,45,electronics,0.1888668788030872,1.3298092714735743
item_0256,0.9200804925968525,49,home,0.17173830372333093,0.7667183809567262
item_0257,0.8763287082373917,50,apparel,0.13119219643849503,0.9430783110281453
item_0258,1.0315841678724607,45,apparel,0.14330885177419794,0.8959749466200428
item_0259,1.079536930014313,60,electronics,0.0812552095815009,0.7968286164145413
item_0260,0.9247874924621251,50,home,0.13809131280126674,1.082257969794687
item_0261,1.2314186894814823,62,home,0.13668062549955223,1.0619446896731342
item_0262,1.1106425928694352,48,electronics,0.1616084944813128,1.038760115259804
item_0263,0.9957858679192049,43,electronics,0.12223363905904919,1.308718331114554
item_0264,1.2505915356252364,45,apparel,0.17357692612725695,0.8852372398562728
item_0265,0.8921113419663474,51,electronics,0.20063579089099143,1.093251116466938
item_0266,0.9433318930249998,51,apparel,0.1577714663834233,1.019435191221965
item_0267,0.9370275090902153,43,home,0.16758782041996018,1.0566865625105228
item_0268,1.162966770527935,56,apparel,0.15265776737889336,0.7405094005389539
item_0269,0.9705583587869072,50,home,0.1500042196545707,0.7545980202406398
item_0270,1.1190940052525225,47,electronics,0.11392209832285762,1.1698990588474178
item_0271,1.0705795299948349,51,home,0.1658247130836654,0.7601628232492544
item_0272,0.9865945593145733,52,apparel,0.1451356700793255,1.225393879593239
item_0273,1.0584856405162493,49,apparel,0.25465841544652973,1.3100006628365435
item_0274,0.9267240778860936,61,electronics,0.22866774512376212,0.8850190256296143
item_0275,1.129569137124297,41,apparel,0.16929232762782503,1.0704331948978998
item_0276,0.9465293753890752,58,electronics,0.11184713951526161,1.0386164357670296
item_0277,0.9577152272191032,48,toys,0.0943794264008291,1.309775285199146
item_0278,1.1143005394039651,63,electronics,0.20955714765444325,1.435077550931127
item_0279,0.9977653812608815,49,apparel,0.16313746125735692,1.1663910501705894
item_0280,1.2336281373743352,36,apparel,0.17400717016958053,1.1795867816135361
item_0281,1.1849917530175957,43,toys,0.06277070065129035,1.2553141300162967
item_0282,0.8808638952312126,59,home,0.19637192407790904,0.8095478116071858
item_0283,1.0621100421885874,52,apparel,0.17272101691071814,0.9889594227487315
item_0284,1.0322898565077894,45,home,0.09447846577927609,1.1819906243703666
item_0285,1.2622454847097695,46,apparel,0.12642375962750255,0.9045832140604501
item_0286,0.991584796956629,59,electronics,0.16318586021782597,1.3414552511987883
item_0287,0.9841519319681958,52,electronics,0.15262333991781218,0.8127421982753428
item_0288,1.0270286087710905,47,apparel,0.13539144070982223,0.9640274428621773
item_0289,1.02538081773886,54,toys,0.14482558659670194,1.023811212657242
item_0290,0.9562687348586666,49,home,0.13740113108965574,1.137747354011635
item_0291,1.07271357941586,49,toys,0.15762812560512343,0.8128833328758513
item_0292,0.9932286021393729,39,toys,0.22357459864965784,0.9218404835960557
item_0293,0.9616870335430739,49,home,0.02166707795343511,1.0725552864863566
item_0294,1.1995421477302863,59,electronics,0.13815748677451578,1.0162140520413523
item_0295,1.0621160335193014,46,electronics,0.15882562106862233,1.1142599468711485
item_0296,0.9414227130940012,47,home,0.16479969948435497,0.8288914201706474
item_0297,0.908117047535015,55,home,0.1314042709339355,0.7687192666765228
item_0298,1.0136755314512194,55,toys,0.06216391087607086,0.4133159469900312
item_0299,0.9221989320748255,46,apparel,0.16639977418570548,0.7182240157982942
item_0300,0.9169834088987231,46,home,0.23636751070820924,0.881160394963151
item_0301,1.1576416022810305,53,electronics,0.0733069297541931,0.6764455636673631
item_0302,1.0322112972981765,49,electronics,0.19319140068490942,0.8925579889936979
item_0303,0.9906990793889935,50,apparel,0.1335737388438553,1.1426745742684066
item_0304,1.0656836734571844,38,electronics,0.14693378270855764,0.8736896111507003
item_0305,0.990592470057427,55,home,0.09735507446480254,1.157108846263359
item_0306,1.0547156318088846,51,home,0.13327719138220617,1.1222203522011822
item_0307,1.2286534099259787,58,toys,0.21500222973494792,0.9778226622053625
item_0308,1.044255931114399,57,electronics,0.17913276209938533,1.1193925232231559
item_0309,0.9866096066571161,42,apparel,0.2366155802704972,1.1562786992660754
item_0310,0.9332968701030462,62,electronics,0.20887059444888467,0.6979484098715851
item_0311,1.111032613537007,48,electronics,0.1719543339464788,1.3006821072670984
item_0312,1.0305406925947946,44,apparel,0.23719672630838962,0.618348219768348
item_0313,1.0881651383138258,44,home,0.17194965793691494,1.0309580868087533
item_0314,0.885996069533961,53,apparel,0.19139940883985293,0.8542383211348792
item_0315,1.0091084386137936,41,electronics,0.13517145232326458,0.8670395673815958
item_0316,1.057346854711122,51,electronics,0.15332729079296023,1.0206999480406227
item_0317,1.1005343125632292,44,apparel,0.11512880883498615,0.9017080716727479
item_0318,1.0735152721946168,43,electronics,0.19947919672974265,0.9412645374904168
item_0319,1.0201880162120427,41,apparel,0.09108481884425672,0.9729000324832722
item_0320,1.1753572871707074,43,apparel,0.18911751712088307,0.8028283834027363
item_0321,1.0451550871436994,42,apparel,0.14046744712474202,1.03132405239807
item_0322,0.8396714363666485,50,toys,0.20856235467336598,0.767216119629224
item_0323,0.9199525707135591,58,apparel,0.18754344943656298,1.1010198233155173
item_0324,1.0424881757105555,43,toys,0.2410323078823401,0.7518224827945048
item_0325,1.070256470561207,49,apparel,0.18653873455693223,1.0465233417587398
item_0326,0.9141639277224278,55,apparel,0.07139798721733795,0.8950883062054821
item_0327,0.9264426474057977,46,electronics,0.14665234135508995,1.2986569418224219
item_0328,1.084365834032573,53,home,0.0913996403702592,0.8111130639908289
item_0329,1.0738079397747056,60,electronics,0.12408600788168626,1.2490752875744193
item_0330,1.084852686714752,50,electronics,0.22556142166383608,0.9330604455908702
item_0331,1.1193074239666794,42,electronics,0.18187669054488478,0.6883440665544238
item_0332,1.0539668165115632,56,apparel,0.11505347857106267,1.297716291551207
item_0333,0.9690562059298223,44,electronics,0.09931413167798005,1.2172434713468283
item_0334,1.1756885092611284,45,home,0.15163910464381303,1.3615271191238563
item_0335,1.1526181651362533,58,electronics,0.0891719925309436,0.935235471389408
item_0336,1.2215711569653032,40,electronics,0.11644298613017094,1.2072213135216312
item_0337,1.0969331178260213,50,apparel,0.1656004735775622,1.334274901876312
item_0338,1.0655870213920107,55,electronics,0.20776560180533482,1.0680210213429258
item_0339,1.076216916495111,42,electronics,0.180438073611222,1.6132264968666388
item_0340,1.0859293637414085,45,home,0.03543552457009499,0.9949527454923528
item_0341,0.8713559404430442,43,toys,0.165218336451513,1.2480438088329975
item_0342,1.0406774784201724,38,apparel,0.15360167866162888,0.8742740412982581
item_0343,1.021092099702127,49,electronics,0.17069451426863466,0.905901212831431
item_0344,1.093992488864701,50,electronics,0.23081048408256036,0.9820154375242521
item_0345,1.0882623927501285,47,apparel,0.04683808615976285,1.042040309661725
item_0346,1.0255081984663392,43,home,0.12044482874044471,1.10873354476379
item_0347,1.013148469247412,47,electronics,0.17954531613966773,1.1637013521328832
item_0348,0.9237422982995738,56,home,0.07092028002730287,0.631619352857426
item_0349,1.0850978682446426,54,apparel,0.22379745240267546,1.0826778610446206
item_0350,1.010054573082155,60,home,0.1684178306350329,0.9454273742044673
item_0351,1.0217619676092686,52,apparel,0.19232919929217018,0.6953833969297546
item_0352,1.164892100848844,46,home,0.12145281692391026,0.9069859036226121
item_0353,1.1619916690428678,43,apparel,0.19068818449831051,1.1860735039696981
item_0354,1.0251922049997513,39,electronics,0.20342357779945192,1.1495479212014579
item_0355,1.2260212610171306,48,apparel,0.1616439010068584,0.7376118242003297
item_0356,1.1284425569193834,55,apparel,0.16172004463493478,0.916823781041022
item_0357,1.0606810870353267,48,electronics,0.16351716196408628,0.9325356142542863
item_0358,0.9651142475878501,57,toys,0.10683273676303091,1.293276336413374
item_0359,0.965516415403739,55,electronics,0.14262356598798234,0.9669592709408555
item_0360,1.1478782915187957,49,electronics,0.14237387337738205,0.8642850738105005
item_0361,0.8568159675720933,45,toys,0.16916969321767475,1.0059602299832822
item_0362,1.2242449570720997,44,apparel,0.19999121234551473,0.5100429839184825
item_0363,1.12104776521785,44,home,0.09707319590107953,1.0251748705293697
item_0364,1.0159896920516414,55,electronics,0.1437495484840211,1.1965660192084244
item_0365,1.2134657166711535,42,apparel,0.22407277738294867,1.0826641586831443
item_0366,1.0741985111821886,40,apparel,0.11282058855937178,0.6339836672196434
item_0367,0.9240134327572522,43,toys,0.10888749913548397,1.485509343015242
item_0368,0.9816472443048058,62,home,0.16011530959155967,1.11813493027895
item_0369,0.9388267948914093,52,apparel,0.192219259524266,0.971882043948603
item_0370,0.9264626437938319,48,toys,0.15057130277803296,0.9775239111382016
item_0371,1.2434595094195677,56,home,0.21644802952184947,1.1640773449818167
item_0372,1.0570457819430126,49,electronics,0.19283969912832633,0.969669657507147
item_0373,1.028050128022434,47,apparel,0.19209100334450308,0.9704502222401026
item_0374,1.1264501299975704,34,toys,0.17770582506620466,1.1210405014636946
item_0375,1.1039541827903134,47,electronics,0.26638265501730424,0.7803177770181412
item_0376,0.976422670411333,37,apparel,0.1397419155566978,1.14878499524344
item_0377,0.9443914061585028,48,electronics,0.049823885396674296,0.8071875824829325
item_0378,0.847085457109611,57,apparel,0.23021271807585705,1.0860128558019364
item_0379,1.1374957419789875,50,home,0.12711502845215872,1.208484538260747
item_0380,1.0183993760612966,52,apparel,0.15539402221715165,1.102935885457072
item_0381,1.1342274509428598,47,toys,0.21547753424302635,1.162260543104969
item_0382,1.0457178754518008,48,electronics,0.06988702294705372,0.923178787261786
item_0383,0.9055206210542934,42,home,0.08741763929469303,0.8422362168511005
item_0384,0.9812662636804681,58,electronics,0.06993610314405731,1.2066568804897726
item_0385,1.1938257272872075,40,electronics,0.1102931854987288,0.9712812612836442
item_0386,0.9818267892074068,56,home,0.17198183030084968,0.8295734637961371
item_0387,1.093647799290542,51,home,0.17620939214063855,0.8913990609903732
item_0388,0.8049895065132837,49,home,0.1638137089664277,0.8547920891863501
item_0389,0.9640366470512045,58,apparel,0.07936170580538167,1.143370999023711
item_0390,1.14150902832893,39,apparel,0.03449482816836778,1.1155198376242457
item_0391,0.8535539335986633,43,apparel,0.1527176792695191,1.2897759012547703
item_0392,1.152384280735905,41,apparel,0.1264111983180832,0.7758989715913859
item_0393,0.9959030064748019,49,apparel,0.17296928858583058,1.0089868917054048
item_0394,0.9849413443801458,58,apparel,0.1850976813110635,0.9815008844457431
item_0395,1.1918307142875981,45,electronics,0.15691207160293408,0.5834828970583616
item_0396,0.9960155726028594,45,apparel,0.18800665426879268,0.9847976934357071
item_0397,1.1593223223967613,60,apparel,0.16146056870575343,1.1196348654508879
item_0398,1.0105060682476608,60,apparel,0.17650323528007333,0.8328550326275712
item_0399,1.0889287414822824,57,home,0.11476633685650588,0.7473933062089915
item_0400,1.1570437760589198,44,apparel,0.14101942930842706,1.465250711217325
item_0401,1.161970436122642,43,toys,0.15983880483284785,0.7283957475171523
item_0402,1.0283727512373244,47,toys,0.19102642377087092,1.2985256336336717
item_0403,0.823395161496995,44,electronics,0.1303129413887714,1.0619634413706454
item_0404,1.2286130628773864,55,home,0.17605836278660564,1.0841161116978577
item_0405,0.9980152197639087,59,home,0.13670806040423103,0.8935806812799718
item_0406,1.1835359457671524,44,apparel,0.1441228916335935,0.8014093207874947
item_0407,0.9738828598516281,45,electronics,0.19147595210120363,1.288668391413963
item_0408,1.0119894765328903,56,toys,0.050346981447292195,1.3730001310776228
item_0409,1.0657639113134876,49,home,0.08517638359626194,0.8323958617057665
item_0410,1.0525425789577154,46,electronics,0.07589073012785895,1.2419147833268356
item_0411,1.25349796780501,48,electronics,0.03331919400758475,1.0006708539759437
item_0412,0.8816492581431302,52,electronics,0.11608677799224115,1.157537911052444
item_0413,1.0008622608757123,45,electronics,0.18747169498638702,0.959007956969004
item_0414,1.0835541763910215,40,apparel,0.13575579668087126,0.8613318134462005
item_0415,1.100182448693984,54,electronics,0.1598895040970926,0.6891993367487163
item_0416,1.0595838788546843,51,electronics,0.20446087483553962,0.6528844862898293
item_0417,1.0757779932303018,47,electronics,0.2163843066133846,0.9738678664292074
item_0418,1.1588416616024657,50,electronics,0.14654310326369302,0.9494788359828659
item_0419,0.9999316572135226,47,electronics,0.21767929447846987,0.7590472659329853
item_0420,0.999708281413248,48,apparel,0.15460633292170545,0.6694796421369593
item_0421,1.0442409645225785,63,home,0.10813008880862689,0.8334999257312844
item_0422,1.1251408099681754,60,home,0.12027998239006323,1.0729980860271042
item_0423,0.9097816475338216,55,electronics,0.07597317437174918,1.1671529478320706
item_0424,1.244717074590155,59,apparel,0.10559330731331737,1.1911345154533344
item_0425,1.018460617620281,57,apparel,0.13209916559627854,1.002947674898566
item_0426,0.9907031473919851,43,electronics,0.19017925096893007,1.1369332589160266
item_0427,1.0191633780600937,57,apparel,0.2360384915582992,0.7445680978288773
item_0428,0.9431749732926824,39,apparel,0.08089092423114799,1.3042069303793793
item_0429,0.9595961553559279,52,apparel,0.16964137341299595,1.0083426923915486
item_0430,1.0209408093737795,42,home,0.09797280304212327,0.8263814729064125
item_0431,1.1009031775647597,55,electronics,0.17373485442316008,0.796351788798189
item_0432,1.1269723233411648,36,electronics,0.14344566746561366,0.7662215639989721
item_0433,1.0135095093650408,48,apparel,0.05845470870762347,0.9187748991814164
item_0434,1.0232205460732051,47,electronics,0.1964148495784242,1.149229052991982
item_0435,1.0985601849376385,43,toys,0.11974996435956343,0.8345694863661656
item_0436,0.8622170280077568,57,home,0.12330498808132226,1.164176841831313
item_0437,1.0351658650765487,42,electronics,0.0965123794355155,1.0109611888972374
item_0438,1.1584828081229797,57,apparel,0.11728583616562221,0.6452441363053483
item_0439,1.2187789225300703,43,toys,0.17139452203474587,0.7570122439411255
item_0440,1.0322617840362445,43,electronics,0.14053778295317973,0.7944057144130294
item_0441,0.9137174110488122,49,home,0.16643310011412404,0.8905903651252621
item_0442,0.9911592294132398,39,apparel,0.16809609269644218,1.3411110023827788
item_0443,1.1775563387691363,47,electronics,0.21603308277640834,1.451938130315186
item_0444,1.2564579858630534,46,home,0.13286069245678103,1.0329917780015574
item_0445,1.0355214321206208,46,apparel,0.0761571091577134,1.0376347817101845
item_0446,0.9009672311682835,43,apparel,0.20336112082859914,0.826051081782307
item_0447,1.067702434375905,55,electronics,0.13342559139513727,1.2017278260552895
item_0448,1.1310683107282709,36,home,0.20572962222886884,0.8115401350048408
item_0449,1.1430166813020024,49,electronics,0.1691688556591235,0.8846657498291556
item_0450,1.0896508478814095,39,apparel,0.14344312348983274,0.9955091982135866
item_0451,1.2999056148767407,43,apparel,0.16743879470231476,1.1542907649629837
item_0452,1.0521249985541936,46,electronics,0.24755062800631497,1.0361602647323898
item_0453,1.3402713911604822,52,toys,0.25384902645268764,0.5209360304598849
item_0454,0.9442838290574064,39,toys,0.15346905675663894,1.0539546438677752
item_0455,1.2002611427531762,43,home,0.15800952966585377,0.9059302478804763
item_0456,1.1654665950718772,48,electronics,0.20381200787331927,1.0499027915743455
item_0457,1.1354330118497291,50,toys,0.10771694836163263,1.2533240857719032
item_0458,0.9747308163988858,53,toys,0.16665351863091274,0.6695391950930204
item_0459,1.0386681725696039,57,toys,0.14870685760230717,1.0260351266741008
item_0460,0.9326793380378202,57,home,0.16569541057287768,1.1705447100256894
item_0461,1.056868687367935,49,apparel,0.10833155970252971,0.6818251293132243
item_0462,1.081002301090098,44,electronics,0.07052162533455154,1.25327459435949
item_0463,1.1097591943571512,47,electronics,0.0463508282004354,1.1127203058239712
item_0464,0.9301684930483822,43,apparel,0.0941307943505196,1.0448123899452475
item_0465,0.9788839737842898,59,apparel,0.12706623575303333,0.8314922852456323
item_0466,0.8344980920034674,47,home,0.1353404206675619,1.072303121412026
item_0467,1.0582483593954386,57,home,0.24686155812147584,1.1314152741799597
item_0468,0.9468333015423592,69,electronics,0.2052996684953649,0.8298236031153327
item_0469,1.156918346290883,51,home,0.10189544418291863,0.8650668007506821
item_0470,0.9965198148404528,50,electronics,0.16738542262254785,0.8138386999838688
item_0471,1.102192175531976,45,apparel,0.12964608818248374,1.0368602916684855
item_0472,1.0123129003850828,38,home,0.13578180809799523,1.051676119715839
item_0473,1.0475793812715068,66,apparel,0.1592662824707691,1.1639993321502617
item_0474,1.02943505099205,50,electronics,0.18095855584876966,1.0543959696042666
item_0475,0.9302324270550464,52,toys,0.13303707580579924,0.9084875633447113
item_0476,1.1362309221580271,58,home,0.20319257663671791,0.9927058790577107
item_0477,0.9618065988088378,62,apparel,0.09290308869287979,0.8158007181830732
item_0478,1.1784170228159137,47,apparel,0.1503169531181134,1.1836617320170977
item_0479,0.8014819854845991,47,home,0.2798836863297916,0.8009533572436374
item_0480,0.9991649572837289,63,electronics,0.16115398713126375,0.8217351476062512
item_0481,1.1326741899390673,53,electronics,0.22166072533030864,1.004073355180931
item_0482,1.1345004715406746,57,electronics,0.1545760089086604,0.6215476770503342
item_0483,0.8528875106867028,55,home,0.17903885476648984,1.0824855935856021
item_0484,1.0678237516768339,48,electronics,0.1471608402803654,1.2575570635483375
item_0485,1.065984985649748,41,electronics,0.14147962094178979,1.1210049288656794
item_0486,1.0749380480757376,65,apparel,0.11102588016372901,1.1358544114986897
item_0487,1.009504273634356,51,electronics,0.17151506794787766,1.0958628262424381
item_0488,0.968150624620065,40,electronics,0.1074231405407116,1.0047816219791263
item_0489,1.0662018023295414,43,apparel,0.18327926181567145,0.9900942174080789
item_0490,1.1037970260976229,51,apparel,0.2042643502222955,0.773898843842981
item_0491,1.1459306747584308,52,apparel,0.1683265703618615,1.066679240510226
item_0492,1.0384408255163042,61,home,0.1356875633222154,1.1720319186892483
item_0493,0.9637893797197418,51,apparel,0.1726982789654348,1.3780918692470383
item_0494,1.1199542372358007,43,home,0.13456634722267935,0.9227938698940762
item_0495,0.9080946427320133,62,electronics,0.19677735627325746,1.0742189649856781
item_0496,0.9754434933994942,57,electronics,0.058429695789243806,1.0963381388744995
item_0497,0.9820307621055637,45,apparel,0.1332196315940677,0.9260284718067392
item_0498,1.045636167766151,56,electronics,0.0504594002438001,0.9141598342211129
item_0499,1.0645503282759547,41,electronics,0.07524695848863974,0.9223380138349363
item_0500,1.2462620394040895,42,apparel,0.21819311149069548,0.9484646396741006
item_0501,1.1114411669946345,51,electronics,0.1947592490985843,1.3182132622108556
item_0502,1.14386874999925,50,home,0.11402598833576047,0.6720887294964908
item_0503,1.0079998187245456,37,apparel,0.07487482719795514,0.7704751198004381
item_0504,0.9404642706571925,61,home,0.0017735581079174252,0.7239714575084357
item_0505,1.0118381761553885,62,apparel,0.12282522460336827,1.0656281277511557
item_0506,0.9971942414705639,48,toys,0.27102075061237013,1.1142508309104768
item_0507,1.257762583945434,44,apparel,0.17174421357318237,0.8104199537736225
item_0508,1.197797999991924,41,home,0.12202138569752552,1.1816506077305686
item_0509,1.136640126790307,49,home,0.17325401047501532,0.7984105725750504
item_0510,1.0423067050414505,35,electronics,0.07195208235027785,1.3023955958086695
item_0511,0.9206825253018789,48,electronics,0.1351338318651182,1.0193285272601278
item_0512,1.0187206951643162,47,apparel,0.1549738736507869,1.190319441566311
item_0513,0.9882129745219821,48,apparel,0.14569496740894758,0.7301759557626875
item_0514,0.9747445169953877,38,home,0.18954030608450403,1.1807797704702543
item_0515,1.0942357150710877,48,electronics,0.1672322613118026,1.0300693205063314
item_0516,1.228330350236467,47,apparel,0.18341630090539984,0.8891851161351859
item_0517,1.258508824786921,53,electronics,0.11558138588846202,0.6906106298005622
item_0518,1.0333488975751886,47,electronics,0.1948907704205274,1.1599882978842424
item_0519,1.0632264859874965,49,electronics,0.23144684738119958,1.1431042530835038
item_0520,1.085575065320926,45,electronics,0.10149252401742936,0.9348095311374621
item_0521,0.9867762657433715,57,toys,0.105615217214272,1.1917635860273053
item_0522,1.18731456126759,52,home,0.21678921681601165,1.1965390359463302
item_0523,1.1071120285401543,41,apparel,0.140432800665247,1.2268013779998732
item_0524,1.0641327019045526,46,electronics,0.22019106960332785,0.8099786270510531
item_0525,1.1107463014008738,53,electronics,0.1278732144053908,1.146701246131455
item_0526,1.0090355564896167,52,apparel,0.22275227881353557,1.0438187264319203
item_0527,1.0328552440662624,48,toys,0.1565742908402726,0.8752345201657205
item_0528,1.1832210766529092,50,electronics,0.16291144116613476,1.0422556477390315
item_0529,1.1556807765200137,54,home,0.22823590108349523,0.9061892384381528
item_0530,1.072742436091751,46,apparel,0.13191147612779144,1.2331942665505025
item_0531,0.912543913972703,45,toys,0.10294389520375208,0.9854008651989928
item_0532,1.3068001953711488,56,home,0.12757178959858229,1.0897645669153377
item_0533,1.10395901613001,50,electronics,0.17261669753215694,1.1866373985259442
item_0534,1.1546741815537473,47,toys,0.07171204639097427,1.3848519956583853
item_0535,0.9610992171203613,51,toys,0.18187354513255607,1.1519543702658408
item_0536,1.11818378709653,42,electronics,0.12306143411911283,0.7738177937944614
item_0537,1.120016741331382,44,electronics,0.20739063303667818,1.3120915741513726
item_0538,1.0931451060495123,45,electronics,0.030286984754976407,1.0623270288086264
item_0539,1.1800278972555596,54,apparel,0.11067171124479155,1.2430221150043634
item_0540,0.8866732196434844,63,toys,0.06567659243829489,1.0456851046566613
item_0541,1.1837045216156812,46,home,0.10868852668180236,0.9469666137021892
item_0542,1.023362395136045,56,apparel,0.16238329505544716,0.7384064341869047
item_0543,1.0119247204433475,66,apparel,0.14103866872751225,1.0472811047889374
item_0544,1.060474460175005,38,electronics,0.13733112155259924,1.1724044443972597
item_0545,1.1053854868322242,54,electronics,0.14204075643099695,0.9050549551343795
item_0546,1.0825609441865804,45,apparel,0.16016941203099716,0.9000808515523536
item_0547,1.0238208273603682,55,electronics,0.0995731979028446,0.871450924690768
item_0548,1.1219435314521944,51,home,0.18534248204495254,0.9794281653261085
item_0549,1.3488824235341736,51,home,0.18313329851927418,1.0307791508514208
item_0550,1.1304768794392728,40,home,0.16925189688280504,1.1746178748766616
item_0551,1.025168816452645,52,electronics,0.17782667213756315,0.9434015003193705
item_0552,1.1850933037215432,50,apparel,0.16482090004043298,1.0473568418768129
item_0553,1.1523995070961957,54,apparel,0.2517536651365534,0.8052508362922549
item_0554,0.9839723155627139,46,apparel,0.1456452914473745,1.200537419723323
item_0555,1.1879763106711592,50,apparel,0.13464583908327116,1.0095797038899652
item_0556,0.9244235808194484,49,apparel,0.1123236209821311,0.7324034545951775
item_0557,1.1112049036929086,53,home,0.09838686647110816,0.8202123946357368
item_0558,1.2494183086943516,53,toys,0.08777641061994622,0.9715723688549868
item_0559,0.9410842594863589,44,electronics,0.10556013433845407,1.2348726146026097
item_0560,1.0148393887441616,46,electronics,0.14646598091739643,1.0196962750732184
item_0561,0.9796364387762234,37,home,0.16671475642488573,1.328446331773395
item_0562,1.1954260818473517,48,apparel,0.15255710292760807,1.1003681049127454
item_0563,0.9886933282985877,45,electronics,0.11172323612851434,0.837591639225312
item_0564,1.0496231765059154,45,electronics,0.19500922820099817,0.8592825277292993
item_0565,1.0991603059286703,44,home,0.18697063361504737,1.3505847199891363
item_0566,1.1565295551426673,58,apparel,0.14201758462889916,0.860742472077221
item_0567,1.1282154836845841,52,home,0.11735419276676438,0.8481978932886607
item_0568,0.9609262181575632,52,toys,0.17742139604148996,0.8290627440962232
item_0569,0.8535154204157069,44,electronics,0.1593986793743052,0.74548143980676
item_0570,1.1500962188215464,50,home,0.07759363702924761,1.1600048614826477
item_0571,1.0578466158503512,57,apparel,0.14660098720077974,1.1893272726088837
item_0572,1.1154479163225235,50,home,0.16310179060371904,0.7991192486705815
item_0573,0.9902664632487257,60,electronics,0.1050152606756123,1.349822692203298
item_0574,1.0497323189569214,71,electronics,0.15949216964187216,1.2044792006573066
item_0575,1.1889756858485092,35,electronics,0.07725887573711053,0.9445787164593331
item_0576,0.9021589871614301,56,apparel,0.21680930500060855,0.7207795818875877
item_0577,1.030009922473482,52,toys,0.21239749925297158,0.9267784570109567
item_0578,0.8940342603200848,49,electronics,0.13737413328485176,0.9259972962431369
item_0579,1.1827151630946249,56,apparel,0.16817271689195365,1.1493445412911136
item_0580,1.066776704336054,50,toys,0.02950390171000624,0.9243038968488201
item_0581,0.9538142831774689,41,home,0.09218261698673334,1.194047216205337
item_0582,0.8851075197782154,53,electronics,0.13531105399239352,1.4965389214977727
item_0583,1.059113605144037,43,apparel,0.09639334892865703,0.8562197907151095
item_0584,1.0645296354754694,57,electronics,0.18571982413153293,0.8855770738587309
item_0585,1.0328891493213321,51,electronics,0.2498648265373997,1.2566727150204078
item_0586,1.184130424233174,45,apparel,0.0911692640285349,1.3714813743305787
item_0587,0.9504982833257737,52,toys,0.10812682979574036,0.6277311398335509
item_0588,1.1274735750263354,47,apparel,0.1617724184154965,0.8919503936366924
item_0589,1.2020544034788652,36,apparel,0.23055580742498105,0.6777270220636941
item_0590,0.9917727268088948,55,apparel,0.08888128437300484,1.0795953157582223
item_0591,1.1374991378992185,67,home,0.1624518061153471,1.0302885577070957
item_0592,1.2033296234672006,50,apparel,0.24106494254065544,0.8467887572991097
item_0593,0.914043046638702,63,electronics,0.06741204259103663,1.0560666231305407
item_0594,0.9875676330444295,47,electronics,0.08594653965770839,1.247592084068629
item_0595,0.9241094194522843,49,electronics,0.12881966967695807,0.370355853603302
item_0596,1.1022380809506749,63,apparel,0.12397057935722944,0.6763418684114197
item_0597,1.2389023402930706,61,home,0.19063006438768224,0.8419742505041303
item_0598,0.9095648199189919,48,electronics,0.1620829859910419,0.9922751873458788
item_0599,1.0524052987079155,45,apparel,0.061251897017893575,1.086977609518679
item_0600,1.3191208673045294,65,home,0.17577052014504055,1.0440215986177572
item_0601,0.9887587868400717,52,home,0.12112305563221747,1.3668436634794676
item_0602,1.1143964240036628,44,electronics,0.21372236084706195,1.0220963357201742
item_0603,1.1104755000390545,46,toys,0.11862062317815401,0.8528271866234206
item_0604,1.0005974023189657,56,home,0.11816923584488821,0.8416649921519244
item_0605,1.1421871201210327,48,electronics,0.17705658054022658,0.5867870536943339
item_0606,1.0883471028949263,48,electronics,0.1881463241168468,0.9683940236865709
item_0607,1.0409119164796843,49,electronics,0.17240496819681017,1.1138662333445484
item_0608,1.0234951068030627,47,toys,0.06572013413075958,0.7731898275775669
item_0609,1.180550566326415,45,home,0.17690172199641255,1.179596327000697
item_0610,1.0659253549344083,50,toys,0.09828459741628004,0.7372355501281066
item_0611,0.975483258508012,46,home,0.16176380557941317,1.1387089543912887
item_0612,1.0000093763111275,58,apparel,0.07881327823004698,0.9675808487653784
item_0613,1.0813333934534917,47,home,0.17231610737715317,1.35196055592363
item_0614,1.0944499897938131,44,electronics,0.10967005478463136,1.0676236938046229
item_0615,0.909618960717539,51,apparel,0.0858682674869739,1.0549361227553757
item_0616,1.1405559392689828,53,apparel,0.18569100682411996,0.9298266895546649
item_0617,0.9294975759318846,59,home,0.16208222608383757,0.7794183695381472
item_0618,0.8687445731413743,57,home,0.11930115993035513,0.8824241441705777
item_0619,1.0173015275143882,43,toys,0.2225589424510532,0.8076860184476142
item_0620,1.0839433874982882,56,electronics,0.12796737892151286,0.6991061498890291
item_0621,1.1473868390955508,46,electronics,0.15160538369854673,1.2566445766880219
item_0622,0.9351073147304173,61,apparel,0.16344567238393004,1.2179768332436547
item_0623,1.0135296035509322,50,home,0.11901670329356931,1.1171589051090953
item_0624,1.154511483627083,34,electronics,0.17355681466999645,1.1257858939419358
item_0625,1.045741933524994,53,toys,0.12332738264176377,0.7286286478003943
item_0626,1.1647361098161682,55,toys,0.12941808388918954,0.45358826163368543
item_0627,1.1167110884185592,54,apparel,0.21813213199016707,1.1189292338237802
item_0628,0.9010023980463349,40,home,0.09797069737437834,1.113292844416014
item_0629,0.9699661319978174,51,home,0.029360983453525478,1.1240290131844475
item_0630,1.1403072914884211,59,electronics,0.23054684975059472,1.1843232165534947
item_0631,0.8087470267439382,54,home,0.27746639763035014,1.1531941528843166
item_0632,1.1356169847879392,48,home,0.1297365367275334,0.8758005602513514
item_0633,1.0350546613963356,55,home,0.05315809796899072,1.1481853455499909
item_0634,0.9628082680907404,46,electronics,0.1344758011902028,1.1357550007572206
item_0635,1.2787703528372463,48,electronics,0.13568885250796653,1.3361036363076406
item_0636,0.9626289530173092,44,apparel,0.14050380794888714,1.1519843043991984
item_0637,0.9864904852378922,40,home,0.09433059790390758,1.0640798157821973
item_0638,1.020596808431982,45,toys,0.17897805712382386,1.058984864387624
item_0639,1.0191785332360814,46,electronics,0.1762253687643043,0.850851833830228
item_0640,1.1055670721166146,57,electronics,0.07527971900903467,0.947428732661829
item_0641,1.0923334562154468,50,apparel,0.18495983658474438,1.197499406683708
item_0642,0.8113081810576429,53,electronics,0.25263424909729454,0.6290874920631748
item_0643,1.1685935189965682,55,electronics,0.158598016621853,0.8305182387102437
item_0644,1.1603092930162884,51,apparel,0.1331337418965747,1.1704500913451386
item_0645,1.1451153218534218,53,apparel,0.14289983927962394,0.8774421813815226
item_0646,1.100739743922515,64,home,0.18076283834842805,0.6792841092012855
item_0647,0.8983354776615541,36,home,0.06346641972463908,1.1052094625722917
item_0648,1.1276659254502779,49,apparel,0.1582195351488651,1.138022640191088
item_0649,1.0056126663224008,59,electronics,0.13047680252685948,1.0947956994261712
item_0650,0.9439411831803732,56,apparel,0.24239125064780226,1.0707534297852985
item_0651,1.0557774799194506,50,apparel,0.1412913633097521,0.7290525718223007
item_0652,1.1177460529508059,56,home,0.233394380555976,1.5526621644779712
item_0653,0.9506407121888223,40,electronics,0.09481296511089964,0.8580215691309155
item_0654,0.9439655781350597,49,electronics,0.1793629583401396,0.873716472795915
item_0655,1.1109659808492993,61,electronics,0.16597001318956145,1.1539658616741466
item_0656,1.1547237510627677,52,electronics,0.10654763760676088,1.146222073728401
item_0657,0.9957856403883116,51,apparel,0.15886980573184703,1.036725449866757
item_0658,1.0718367377255493,38,electronics,0.21062594184158,1.0729257077259593
item_0659,1.0515403029574086,58,toys,0.13381041478566996,1.1627961057083207
item_0660,1.1850642415961892,44,apparel,0.06540186754151182,1.1087806095787296
item_0661,1.0789953469490388,58,home,0.1491218586761277,0.8652062896063006
item_0662,0.8692928996836832,62,home,0.10487884526037436,1.0593656179209887
item_0663,0.9664194341235827,47,electronics,0.13288295306680586,1.1052124521997744
item_0664,1.174241010725646,53,apparel,0.14592061151574395,1.103762903725744
item_0665,1.1869216192041512,42,toys,0.06471738919922412,1.0244405748408716
item_0666,1.1830546917632077,58,electronics,0.06921708303396609,0.828416803314848
item_0667,1.029029909147744,41,electronics,0.17410334177627626,1.1289521581454618
item_0668,0.9618029850671984,58,electronics,0.12386406519151598,1.1733751152852268
item_0669,1.1224452505838647,45,electronics,0.021762782908971632,1.1084861667566142
item_0670,1.0379906127704883,57,toys,0.18924220183040674,0.6993772988930422
item_0671,1.0256324576792784,50,toys,0.163618487763712,1.103547750268792
item_0672,0.9816351604481605,48,apparel,0.1143062587981758,1.3427227324057334
item_0673,1.0847162031584354,51,apparel,0.08415848944708791,1.128914984751052
item_0674,0.960351085943205,61,electronics,0.19179039481571686,0.9355085226838358
item_0675,1.0097285540046415,54,home,0.16746753112802149,1.0906168569585013
item_0676,1.247285528678573,61,apparel,0.2691301141342037,1.0106992680002145
item_0677,1.042084821110877,51,apparel,0.17100942993624688,0.9612999570480603
item_0678,1.174745330357851,34,home,0.16938515706310073,1.136522238674885
item_0679,1.0724295738794054,41,apparel,0.14165360349457173,1.088132309970349
item_0680,1.092180775445204,50,apparel,0.19083879336003953,0.881526688585931
item_0681,1.0686962824578885,54,electronics,0.1812542600624077,1.3924800223247544
item_0682,1.274847816013325,48,electronics,0.21258625042825974,1.2305406048033904
item_0683,1.0878882891004849,46,apparel,0.12393385406813576,0.6884806606020047
item_0684,1.0784696274004137,46,electronics,0.12822962635280188,0.9995178938306161
item_0685,1.0678895328321758,56,home,0.12604484145440098,1.016365397785114
item_0686,1.001052354866974,54,apparel,0.18954008605894945,0.5073334933904168
item_0687,1.1706170241838145,69,electronics,0.2249187220148366,0.7768114632059888
item_0688,0.9691520569826818,51,home,0.12705797534253496,1.2442392164204508
item_0689,0.897218726413707,59,apparel,0.12876131361034543,1.021155950938324
item_0690,1.0763859826118907,43,electronics,0.16570386119348995,1.1174532860999602
item_0691,1.0960372341326667,55,home,0.13771192499935492,1.0701487421584874
item_0692,0.9311102800794425,53,home,0.1976026826569945,1.0360153221755135
item_0693,1.078066802180697,44,electronics,0.03741113546904765,0.9280464673625906
item_0694,1.0490575538012603,57,electronics,0.10866474765415526,0.7676291974046793
item_0695,0.8886920951441094,51,home,0.1108791833019277,0.6737926508474024
item_0696,0.8364624704636727,49,toys,0.033982199380692746,0.863454338527509
item_0697,1.0849094724638129,29,home,0.10181807778155978,1.1966737508287175
item_0698,1.0502344049207157,45,apparel,0.10424219420770368,1.224136040823384
item_0699,1.1340458296315739,50,electronics,0.13994476727405847,1.2927187033911651
item_0700,0.9149145124125706,50,electronics,0.20564829458301317,0.9960225026066363
item_0701,1.1682511127580784,61,electronics,0.13774696744046488,0.8561496898216258
item_0702,1.061649232222098,56,home,0.0984593139864423,1.3218656507314848
item_0703,1.0954060580848495,50,toys,0.14715227293932354,1.2363366405084528
item_0704,1.2452777823698749,50,electronics,0.20245868107206746,1.1304564891470164
item_0705,1.047795774837305,38,apparel,0.10120205919425475,1.1182657455227467
item_0706,1.0326843500086975,42,home,0.10447125580392756,0.9355087530628057
item_0707,1.0070867068485336,64,toys,0.17792744796371116,1.2736727360130027
item_0708,0.9050998352009341,47,apparel,0.13892319421345997,0.6657653580663779
item_0709,1.0411760420268148,52,electronics,0.18237423453547372,0.9482607589671991
item_0710,0.9025947953169839,41,apparel,0.14931766041023517,1.148802927494194
item_0711,0.9422189411215897,40,home,0.18508318240447835,1.0343002850937004
item_0712,0.8684204360931815,55,electronics,0.09824609429796795,1.3496921298662687
item_0713,1.1280483971755757,50,home,0.1493957674605866,1.1132202636346695
item_0714,1.0391288510242631,56,electronics,0.13946549928184215,0.8884871240226913
item_0715,1.1726028761752705,59,electronics,0.08920545379479346,0.8664817329468544
item_0716,0.9930430887600641,42,home,0.07182610260656556,0.5910564043668736
item_0717,1.0109274576180531,49,electronics,0.1842874517637331,1.2779834468890303
item_0718,0.978535743208547,54,apparel,0.13245238088910108,1.0589366527153727
item_0719,0.9547747460159466,53,home,0.09888598591763352,1.1651560671735754
item_0720,1.2248074014141217,40,apparel,0.14519105315383338,0.7924895752273032
item_0721,0.7677980903717266,36,electronics,0.20640094286746513,0.8249594447771147
item_0722,1.1781581548229108,43,home,0.03596310773140384,1.1427287575232958
item_0723,1.1680558870614615,57,electronics,0.07516806550483367,0.9267084124434863
item_0724,1.0043355728149335,59,electronics,0.10385567790523662,1.0208549747499924
item_0725,1.0644243349373899,44,home,0.22305894333601645,1.3407191580897806
item_0726,1.2075085714349512,51,electronics,0.16412934914596483,1.1184890596148664
item_0727,1.0511472900959333,45,electronics,0.18836586202306133,1.1178980049221647
item_0728,0.842927389590295,46,electronics,0.09299195404368847,1.0898354957707537
item_0729,0.979878581852252,53,electronics,0.09402320623647369,0.9433198347365012
item_0730,1.17955098978035,55,apparel,0.1723906858361355,1.1911237116456337
item_0731,0.9522835543335715,42,electronics,0.15291371654677233,1.0854874010402678
item_0732,1.173476467688191,43,electronics,0.17743694094320633,1.5290717440775876
item_0733,1.0065457622928369,52,home,0.14061645045357737,1.1859036387935329
item_0734,1.1239846154312,45,electronics,0.16390718632273135,0.7173371749071517
item_0735,0.9978083502799322,45,electronics,0.15790595424525544,0.9842633008848333
item_0736,0.9811657583658666,60,home,0.18888836945424625,0.8716582014457983
item_0737,1.0180074871535605,44,apparel,0.19035041409722353,1.3452698201067979
item_0738,0.8356333816036625,48,electronics,0.0690064002804115,1.026145740623302
item_0739,1.1088129411527239,52,electronics,0.03763657223295721,0.7982335782686026
item_0740,0.8325147095709171,57,home,0.20008726988257536,0.9783607777263059
item_0741,1.0434270640331842,55,home,0.20938625466309682,1.259936402097838
item_0742,0.9380697324578441,41,electronics,0.09896884902433312,1.2111708616049313
item_0743,1.0856056009621948,41,electronics,0.057008229672718555,1.0796951750821304
item_0744,1.178185001395939,58,apparel,0.15495174105036005,1.0798121625300057
item_0745,1.051964294112061,46,apparel,0.19654191131752646,0.7898201297288627
item_0746,1.0190058813900087,56,apparel,0.23987972612171574,0.9640756134133476
item_0747,1.0788718658576695,48,home,0.17581487860507256,1.0071682990739883
item_0748,1.0973360987840326,43,toys,0.13141416517071525,0.8675161753551753
item_0749,1.138660630682987,53,apparel,0.10534346892075686,1.074770956646938
item_0750,1.0023946177807204,46,electronics,0.15057256458353271,0.8109728381199398
item_0751,1.1688416825216192,60,home,0.13503676480573717,1.2299687476602854
item_0752,0.9472630976346571,51,toys,0.09924660471355919,0.887912560861628
item_0753,1.034866169953122,48,apparel,0.25243778254316435,0.8326297183246738
item_0754,1.2756634169723202,61,apparel,0.23925842010360654,0.7935665565087864
item_0755,1.0721780632634117,41,apparel,0.20680243417777142,0.9489107085275051
item_0756,1.1260929714821677,41,electronics,0.10395748010954362,1.0896498891724824
item_0757,1.0933335086133842,40,apparel,0.19275096621486393,1.0685715417340025
item_0758,1.0817754700635984,53,apparel,0.1819813204748951,0.8635616155036081
item_0759,1.2492100814941713,58,home,0.17212728121020265,1.0415947388333773
item_0760,1.0572606117555645,52,electronics,0.21248326335218887,0.7888832704013308
item_0761,0.8963538249060109,42,electronics,0.18176855714306386,0.9824600940076604
item_0762,1.0310155563423355,46,electronics,0.18700071181521677,1.1056384086435287
item_0763,1.0716743562961588,49,apparel,0.1818453141686105,1.0267485391987476
item_0764,0.9953501257462357,45,apparel,0.16703957040010528,0.8837234319471271
item_0765,0.9927725216412995,38,home,0.06081944351429082,0.8296638279000941
item_0766,1.1782643900219607,42,electronics,0.15418105387052786,1.044153591361461
item_0767,1.1084336607757737,56,toys,0.12219040205754374,0.9785665899070103
item_0768,1.2126897388697637,48,home,0.08600795211799897,0.6202010712877509
item_0769,1.0780438521818783,51,toys,0.23409083096504119,0.7869590467421899
item_0770,0.9402456958584716,47,electronics,0.23644976704428516,0.927771494289753
item_0771,1.0288674628887016,53,home,0.2179610300147806,1.0128550784435033
item_0772,1.0221187247903951,55,home,0.16276067084279372,0.9614450948610838
item_0773,1.0174882400883942,45,apparel,0.21753125604763285,1.2534859274017383
item_0774,1.1279337450335731,54,electronics,0.15060265903009126,0.7559207671468051
item_0775,0.8733400140086917,37,apparel,0.16013986384488896,1.2616321562426493
item_0776,1.0361807685264752,51,apparel,0.09532643147690084,0.9049672475020039
item_0777,1.2100503365662216,54,home,0.169849565224942,1.0511538117701291
item_0778,0.9376849385786651,44,apparel,0.15301929642122086,0.9141662099098037
item_0779,1.1255426086323435,54,apparel,0.08486739415827677,1.0343327368593676
item_0780,1.0535634242926875,55,toys,0.14744014440917014,0.7009945103855083
item_0781,0.8842963088159357,58,apparel,0.14601352180715957,1.282321073756564
item_0782,0.9577060463411748,44,apparel,0.239878058332232,0.8960697735197515
item_0783,1.187413703521997,63,home,0.19471066642567048,0.9787234979791516
item_0784,0.9821727943943495,47,apparel,0.1505722719545733,0.550165584132738
item_0785,1.0586053204170733,44,apparel,0.16243936549005414,0.9880946935320057
item_0786,1.0430440071829175,38,electronics,0.1522106189052099,0.8784886899627837
item_0787,0.9370974109315736,51,electronics,0.1398543007602226,1.1589305426076115
item_0788,1.167603379524443,64,home,0.09587864013058565,1.0818564158909711
item_0789,1.1452230829732506,57,home,0.14244740611965354,0.9138551531573539
item_0790,1.0931808982199787,49,apparel,0.11269508716737432,0.7296573591955501
item_0791,1.0362409424455037,41,toys,0.08748422305384267,1.2837828373915954
item_0792,0.9677803256887372,47,home,0.17556109072737672,0.9464526901936609
item_0793,0.9557265775931221,52,toys,0.16956323299666173,1.2178032242343182
item_0794,1.1451303766709153,53,home,0.06066462443159609,1.218218397504296
item_0795,0.8418154129714477,49,apparel,0.14386576812524363,1.3108843349871575
item_0796,1.149977976077661,48,home,0.19978506929499618,0.7595579880044988
item_0797,1.0855224693483094,48,home,0.20296118694481605,0.7899914847337602
item_0798,1.098711440380598,52,apparel,0.20129184214426193,0.9385183503363321
item_0799,1.05088430003299,47,electronics,0.15194566034507298,0.8795394030062548
